artist_name,artist_id,album_id,album_type,album_images,album_release_date,album_release_year,album_release_date_precision,danceability,energy,key,loudness,mode,speechiness,acousticness,instrumentalness,liveness,valence,tempo,track_id,analysis_url,time_signature,artists,available_markets,disc_number,duration_ms,explicit,track_href,is_local,track_name,track_preview_url,track_number,type,track_uri,external_urls.spotify,album_name,key_name,mode_name,key_mode
Amy Winehouse,6Q192DXotxtaysaqNPy5yR,741JhzvIOudONDzRg6wuWJ,album,,2021-05-07,2021,day,0.782,0.506,9,-8.184,0,0.129,0.317,5.58e-5,0.979,0.748,91.075,7op4mx4y4ON4qT7pZnNM7u,https://api.spotify.com/v1/audio-analysis/7op4mx4y4ON4qT7pZnNM7u,4,,,1,230573,FALSE,https://api.spotify.com/v1/tracks/7op4mx4y4ON4qT7pZnNM7u,FALSE,Stronger Than Me - Live On Later... With Jools Holland / 2003,NA,1,track,spotify:track:7op4mx4y4ON4qT7pZnNM7u,https://open.spotify.com/track/7op4mx4y4ON4qT7pZnNM7u,At The BBC,A,minor,A minor
Amy Winehouse,6Q192DXotxtaysaqNPy5yR,741JhzvIOudONDzRg6wuWJ,album,,2021-05-07,2021,day,0.443,0.584,1,-5.89,0,0.0595,0.444,0,0.978,0.316,107.168,4PnPQJmXamSFwxoamRuIae,https://api.spotify.com/v1/audio-analysis/4PnPQJmXamSFwxoamRuIae,4,,,1,230480,FALSE,https://api.spotify.com/v1/tracks/4PnPQJmXamSFwxoamRuIae,FALSE,Take The Box - Live From The Mercury Prize Awards / 2004,NA,2,track,spotify:track:4PnPQJmXamSFwxoamRuIae,https://open.spotify.com/track/4PnPQJmXamSFwxoamRuIae,At The BBC,C#,minor,C# minor
Amy Winehouse,6Q192DXotxtaysaqNPy5yR,741JhzvIOudONDzRg6wuWJ,album,,2021-05-07,2021,day,0.454,0.326,5,-9.172,0,0.0384,0.721,0,0.981,0.553,102.492,1U0cCrP1EhDFlmB6CTRh5O,https://api.spotify.com/v1/audio-analysis/1U0cCrP1EhDFlmB6CTRh5O,3,,,1,198080,FALSE,https://api.spotify.com/v1/tracks/1U0cCrP1EhDFlmB6CTRh5O,FALSE,Teach Me Tonight - Live On Jools Holland Hootenanny / 2004,NA,3,track,spotify:track:1U0cCrP1EhDFlmB6CTRh5O,https://open.spotify.com/track/1U0cCrP1EhDFlmB6CTRh5O,At The BBC,F,minor,F minor
Amy Winehouse,6Q192DXotxtaysaqNPy5yR,741JhzvIOudONDzRg6wuWJ,album,,2021-05-07,2021,day,0.509,0.759,0,-7.17,1,0.0982,0.292,4.05e-6,0.71,0.567,144.61,7dBVgA43mdpWAxeoc4nx2O,https://api.spotify.com/v1/audio-analysis/7dBVgA43mdpWAxeoc4nx2O,4,,,1,225080,FALSE,https://api.spotify.com/v1/tracks/7dBVgA43mdpWAxeoc4nx2O,FALSE,Rehab - Live On Later... With Jools Holland / 2006,NA,4,track,spotify:track:7dBVgA43mdpWAxeoc4nx2O,https://open.spotify.com/track/7dBVgA43mdpWAxeoc4nx2O,At The BBC,C,major,C major
Amy Winehouse,6Q192DXotxtaysaqNPy5yR,741JhzvIOudONDzRg6wuWJ,album,,2021-05-07,2021,day,0.5,0.691,0,-10.17,1,0.317,0.915,0.00127,0.962,0.886,60.105,2RtYWELB3znKy86yd9VTfI,https://api.spotify.com/v1/audio-analysis/2RtYWELB3znKy86yd9VTfI,3,,,1,73693,FALSE,https://api.spotify.com/v1/tracks/2RtYWELB3znKy86yd9VTfI,FALSE,Tenderly - Live On Later... With Jools Holland / 2006,NA,5,track,spotify:track:2RtYWELB3znKy86yd9VTfI,https://open.spotify.com/track/2RtYWELB3znKy86yd9VTfI,At The BBC,C,major,C major
Amy Winehouse,6Q192DXotxtaysaqNPy5yR,741JhzvIOudONDzRg6wuWJ,album,,2021-05-07,2021,day,0.458,0.857,1,-6.863,0,0.296,0.469,0,0.973,0.659,120.509,6p5rDpiFAwFqopcLP1cXIn,https://api.spotify.com/v1/audio-analysis/6p5rDpiFAwFqopcLP1cXIn,4,,,1,204506,FALSE,https://api.spotify.com/v1/tracks/6p5rDpiFAwFqopcLP1cXIn,FALSE,Tears Dry On Their Own - Live On Later... With Jools Holland / 2006,NA,6,track,spotify:track:6p5rDpiFAwFqopcLP1cXIn,https://open.spotify.com/track/6p5rDpiFAwFqopcLP1cXIn,At The BBC,C#,minor,C# minor
Amy Winehouse,6Q192DXotxtaysaqNPy5yR,741JhzvIOudONDzRg6wuWJ,album,,2021-05-07,2021,day,0.663,0.871,10,-6.598,1,0.098,0.453,8.38e-4,0.973,0.926,135.228,11RwX2XrkrduAwdmug89ja,https://api.spotify.com/v1/audio-analysis/11RwX2XrkrduAwdmug89ja,4,,,1,199760,FALSE,https://api.spotify.com/v1/tracks/11RwX2XrkrduAwdmug89ja,FALSE,Monkey Man - Live On Jools Holland Hootenanny / 2006,NA,7,track,spotify:track:11RwX2XrkrduAwdmug89ja,https://open.spotify.com/track/11RwX2XrkrduAwdmug89ja,At The BBC,A#,major,A# major
Amy Winehouse,6Q192DXotxtaysaqNPy5yR,741JhzvIOudONDzRg6wuWJ,album,,2021-05-07,2021,day,0.593,0.667,6,-7.266,0,0.0402,0.569,1.56e-5,0.974,0.63,113.781,5kB7BZY3dJJtQYiXkyesrD,https://api.spotify.com/v1/audio-analysis/5kB7BZY3dJJtQYiXkyesrD,4,,,1,234066,FALSE,https://api.spotify.com/v1/tracks/5kB7BZY3dJJtQYiXkyesrD,FALSE,I Heard It Through The Grapevine - Live On Jools Holland Hootenanny / 2006,NA,8,track,spotify:track:5kB7BZY3dJJtQYiXkyesrD,https://open.spotify.com/track/5kB7BZY3dJJtQYiXkyesrD,At The BBC,F#,minor,F# minor
Amy Winehouse,6Q192DXotxtaysaqNPy5yR,741JhzvIOudONDzRg6wuWJ,album,,2021-05-07,2021,day,0.317,0.517,10,-7.921,1,0.0589,0.331,4.25e-5,0.984,0.342,99.59,3kt92YozPwnpnE5yQziJ60,https://api.spotify.com/v1/audio-analysis/3kt92YozPwnpnE5yQziJ60,4,,,1,276080,FALSE,https://api.spotify.com/v1/tracks/3kt92YozPwnpnE5yQziJ60,FALSE,Don't Go To Strangers - Live On Jools Holland Hootenanny / 2006,NA,9,track,spotify:track:3kt92YozPwnpnE5yQziJ60,https://open.spotify.com/track/3kt92YozPwnpnE5yQziJ60,At The BBC,A#,major,A# major
Amy Winehouse,6Q192DXotxtaysaqNPy5yR,741JhzvIOudONDzRg6wuWJ,album,,2021-05-07,2021,day,0.398,0.155,0,-11.058,1,0.0417,0.945,9.51e-5,0.717,0.24,178.489,3dqHcjkKozhNqz6E4lK6bC,https://api.spotify.com/v1/audio-analysis/3dqHcjkKozhNqz6E4lK6bC,4,,,1,154893,FALSE,https://api.spotify.com/v1/tracks/3dqHcjkKozhNqz6E4lK6bC,FALSE,Love Is A Losing Game - Live From The Mercury Prize Awards / 2007,NA,10,track,spotify:track:3dqHcjkKozhNqz6E4lK6bC,https://open.spotify.com/track/3dqHcjkKozhNqz6E4lK6bC,At The BBC,C,major,C major
Amy Winehouse,6Q192DXotxtaysaqNPy5yR,741JhzvIOudONDzRg6wuWJ,album,,2021-05-07,2021,day,0.556,0.696,5,-6.983,0,0.124,0.0954,6.19e-6,0.627,0.547,144.993,3NiKAPhnUU2OW9idi7xBRu,https://api.spotify.com/v1/audio-analysis/3NiKAPhnUU2OW9idi7xBRu,4,,,2,235266,FALSE,https://api.spotify.com/v1/tracks/3NiKAPhnUU2OW9idi7xBRu,FALSE,Know You Now - Live At The Leicester Summer Sundae / 2004,NA,1,track,spotify:track:3NiKAPhnUU2OW9idi7xBRu,https://open.spotify.com/track/3NiKAPhnUU2OW9idi7xBRu,At The BBC,F,minor,F minor
Amy Winehouse,6Q192DXotxtaysaqNPy5yR,741JhzvIOudONDzRg6wuWJ,album,,2021-05-07,2021,day,0.423,0.533,2,-7.525,1,0.191,0.447,0,0.981,0.49,202.006,6qBNpIyUFTEG1CkODQsc9x,https://api.spotify.com/v1/audio-analysis/6qBNpIyUFTEG1CkODQsc9x,4,,,2,221560,FALSE,https://api.spotify.com/v1/tracks/6qBNpIyUFTEG1CkODQsc9x,FALSE,Fuck Me Pumps - Live From T In The Park / 2004,NA,2,track,spotify:track:6qBNpIyUFTEG1CkODQsc9x,https://open.spotify.com/track/6qBNpIyUFTEG1CkODQsc9x,At The BBC,D,major,D major
Amy Winehouse,6Q192DXotxtaysaqNPy5yR,741JhzvIOudONDzRg6wuWJ,album,,2021-05-07,2021,day,0.574,0.7,10,-4.965,0,0.06,0.282,7.7e-6,0.686,0.728,98.053,2gFsfv8A295IgWxcf6ELNG,https://api.spotify.com/v1/audio-analysis/2gFsfv8A295IgWxcf6ELNG,4,,,2,277773,FALSE,https://api.spotify.com/v1/tracks/2gFsfv8A295IgWxcf6ELNG,FALSE,In My Bed - Live From T In The Park / 2004,NA,3,track,spotify:track:2gFsfv8A295IgWxcf6ELNG,https://open.spotify.com/track/2gFsfv8A295IgWxcf6ELNG,At The BBC,A#,minor,A# minor
Amy Winehouse,6Q192DXotxtaysaqNPy5yR,741JhzvIOudONDzRg6wuWJ,album,,2021-05-07,2021,day,0.539,0.756,7,-5.194,1,0.248,0.242,0,0.905,0.571,99.986,14JgmDzPjbmaUY3pkQFdWX,https://api.spotify.com/v1/audio-analysis/14JgmDzPjbmaUY3pkQFdWX,4,,,2,221986,FALSE,https://api.spotify.com/v1/tracks/14JgmDzPjbmaUY3pkQFdWX,FALSE,October Song - Live From T In The Park / 2004,NA,4,track,spotify:track:14JgmDzPjbmaUY3pkQFdWX,https://open.spotify.com/track/14JgmDzPjbmaUY3pkQFdWX,At The BBC,G,major,G major
Amy Winehouse,6Q192DXotxtaysaqNPy5yR,741JhzvIOudONDzRg6wuWJ,album,,2021-05-07,2021,day,0.591,0.635,5,-7.25,1,0.178,0.242,0,0.506,0.488,138.12,6T5wYCaa6wmaAsAPlDNPNv,https://api.spotify.com/v1/audio-analysis/6T5wYCaa6wmaAsAPlDNPNv,4,,,2,238040,FALSE,https://api.spotify.com/v1/tracks/6T5wYCaa6wmaAsAPlDNPNv,FALSE,"Rehab - Live Pete Mitchell, BBC Radio Session / 2006",NA,5,track,spotify:track:6T5wYCaa6wmaAsAPlDNPNv,https://open.spotify.com/track/6T5wYCaa6wmaAsAPlDNPNv,At The BBC,F,major,F major
Amy Winehouse,6Q192DXotxtaysaqNPy5yR,741JhzvIOudONDzRg6wuWJ,album,,2021-05-07,2021,day,0.755,0.37,2,-6.787,0,0.0698,0.825,1.34e-4,0.0664,0.598,103.956,41kB3pCfmjTFEzUYsIWzI7,https://api.spotify.com/v1/audio-analysis/41kB3pCfmjTFEzUYsIWzI7,4,,,2,206906,FALSE,https://api.spotify.com/v1/tracks/41kB3pCfmjTFEzUYsIWzI7,FALSE,"You Know I'm No Good - Live Jo Whiley, BBC Live Lounge Session / 2007",NA,6,track,spotify:track:41kB3pCfmjTFEzUYsIWzI7,https://open.spotify.com/track/41kB3pCfmjTFEzUYsIWzI7,At The BBC,D,minor,D minor
Amy Winehouse,6Q192DXotxtaysaqNPy5yR,741JhzvIOudONDzRg6wuWJ,album,,2021-05-07,2021,day,0.496,0.708,9,-6.844,1,0.0413,0.398,1.22e-4,0.881,0.648,104.12,2g6qGfcMKlv1KLn1Ia4Nw7,https://api.spotify.com/v1/audio-analysis/2g6qGfcMKlv1KLn1Ia4Nw7,4,,,2,197360,FALSE,https://api.spotify.com/v1/tracks/2g6qGfcMKlv1KLn1Ia4Nw7,FALSE,Just Friends - Live BBC Radio 2 Big Band Special / 2009,NA,7,track,spotify:track:2g6qGfcMKlv1KLn1Ia4Nw7,https://open.spotify.com/track/2g6qGfcMKlv1KLn1Ia4Nw7,At The BBC,A,major,A major
Amy Winehouse,6Q192DXotxtaysaqNPy5yR,741JhzvIOudONDzRg6wuWJ,album,,2021-05-07,2021,day,0.508,0.506,0,-6.69,1,0.0482,0.516,2.74e-4,0.702,0.393,159.831,04oBXjVazNa2K9v7cwUTNj,https://api.spotify.com/v1/audio-analysis/04oBXjVazNa2K9v7cwUTNj,4,,,2,169746,FALSE,https://api.spotify.com/v1/tracks/04oBXjVazNa2K9v7cwUTNj,FALSE,Love Is A Losing Game - Live On Later... With Jools Holland / 2009,NA,8,track,spotify:track:04oBXjVazNa2K9v7cwUTNj,https://open.spotify.com/track/04oBXjVazNa2K9v7cwUTNj,At The BBC,C,major,C major
Amy Winehouse,6Q192DXotxtaysaqNPy5yR,741JhzvIOudONDzRg6wuWJ,album,,2021-05-07,2021,day,0.611,0.587,1,-6.203,0,0.0333,0.433,4.51e-6,0.112,0.649,119.732,6GY7yKOI1ZTpXk6xSnjzUK,https://api.spotify.com/v1/audio-analysis/6GY7yKOI1ZTpXk6xSnjzUK,4,,,2,191186,FALSE,https://api.spotify.com/v1/tracks/6GY7yKOI1ZTpXk6xSnjzUK,FALSE,"Tears Dry On Their Own - Live Jo Whiley, BBC Live Lounge Session / 2007",NA,9,track,spotify:track:6GY7yKOI1ZTpXk6xSnjzUK,https://open.spotify.com/track/6GY7yKOI1ZTpXk6xSnjzUK,At The BBC,C#,minor,C# minor
Amy Winehouse,6Q192DXotxtaysaqNPy5yR,741JhzvIOudONDzRg6wuWJ,album,,2021-05-07,2021,day,0.546,0.709,11,-6.557,1,0.0931,0.181,0,0.915,0.582,97.258,4vyL8RX03QfBRBs9dMUHxX,https://api.spotify.com/v1/audio-analysis/4vyL8RX03QfBRBs9dMUHxX,4,,,2,183693,FALSE,https://api.spotify.com/v1/tracks/4vyL8RX03QfBRBs9dMUHxX,FALSE,"Best Friends, Right? - Live At The Leicester Summer Sundae / 2004",NA,10,track,spotify:track:4vyL8RX03QfBRBs9dMUHxX,https://open.spotify.com/track/4vyL8RX03QfBRBs9dMUHxX,At The BBC,B,major,B major
Amy Winehouse,6Q192DXotxtaysaqNPy5yR,741JhzvIOudONDzRg6wuWJ,album,,2021-05-07,2021,day,0.302,0.375,4,-6.187,0,0.0317,0.744,0.0507,0.73,0.0709,128.33,2vqISHPIeMcCS9P2JLQVBe,https://api.spotify.com/v1/audio-analysis/2vqISHPIeMcCS9P2JLQVBe,4,,,2,219026,FALSE,https://api.spotify.com/v1/tracks/2vqISHPIeMcCS9P2JLQVBe,FALSE,I Should Care - Live From The Stables / 2004,NA,11,track,spotify:track:2vqISHPIeMcCS9P2JLQVBe,https://open.spotify.com/track/2vqISHPIeMcCS9P2JLQVBe,At The BBC,E,minor,E minor
Amy Winehouse,6Q192DXotxtaysaqNPy5yR,741JhzvIOudONDzRg6wuWJ,album,,2021-05-07,2021,day,0.338,0.706,3,-3.427,1,0.076,0.64,3.8e-6,0.941,0.579,182.973,52nsOnLZuRQSNJr7940Xyb,https://api.spotify.com/v1/audio-analysis/52nsOnLZuRQSNJr7940Xyb,4,,,2,154680,FALSE,https://api.spotify.com/v1/tracks/52nsOnLZuRQSNJr7940Xyb,FALSE,Lullaby Of Birdland - Live From The Stables / 2004,NA,12,track,spotify:track:52nsOnLZuRQSNJr7940Xyb,https://open.spotify.com/track/52nsOnLZuRQSNJr7940Xyb,At The BBC,D#,major,D# major
Amy Winehouse,6Q192DXotxtaysaqNPy5yR,741JhzvIOudONDzRg6wuWJ,album,,2021-05-07,2021,day,0.757,0.302,5,-8.13,0,0.0375,0.739,2.08e-6,0.16,0.657,96.125,4ml8AFICctVaeDXoZyhp42,https://api.spotify.com/v1/audio-analysis/4ml8AFICctVaeDXoZyhp42,4,,,2,231066,FALSE,https://api.spotify.com/v1/tracks/4ml8AFICctVaeDXoZyhp42,FALSE,"Valerie - Live Jo Whiley, BBC Live Lounge Session / 2007",NA,13,track,spotify:track:4ml8AFICctVaeDXoZyhp42,https://open.spotify.com/track/4ml8AFICctVaeDXoZyhp42,At The BBC,F,minor,F minor
Amy Winehouse,6Q192DXotxtaysaqNPy5yR,741JhzvIOudONDzRg6wuWJ,album,,2021-05-07,2021,day,0.401,0.425,2,-7.489,1,0.0327,0.778,0,0.119,0.301,171.525,1oUD1lrhU5MnAxrQvLvTdX,https://api.spotify.com/v1/audio-analysis/1oUD1lrhU5MnAxrQvLvTdX,3,,,2,153920,FALSE,https://api.spotify.com/v1/tracks/1oUD1lrhU5MnAxrQvLvTdX,FALSE,"To Know Him Is To Love Him - Live Pete Mitchell, BBC Radio Session / 2006",NA,14,track,spotify:track:1oUD1lrhU5MnAxrQvLvTdX,https://open.spotify.com/track/1oUD1lrhU5MnAxrQvLvTdX,At The BBC,D,major,D major
Amy Winehouse,6Q192DXotxtaysaqNPy5yR,741JhzvIOudONDzRg6wuWJ,album,,2021-05-07,2021,day,0.471,0.775,1,-6.753,1,0.323,0.289,1.13e-4,0.918,0.607,75.012,0hyOh5ZiEZREY6Vq2aCbJu,https://api.spotify.com/v1/audio-analysis/0hyOh5ZiEZREY6Vq2aCbJu,4,,,3,193453,FALSE,https://api.spotify.com/v1/tracks/0hyOh5ZiEZREY6Vq2aCbJu,FALSE,Know You Now - Live At Porchester Hall / 2007,NA,1,track,spotify:track:0hyOh5ZiEZREY6Vq2aCbJu,https://open.spotify.com/track/0hyOh5ZiEZREY6Vq2aCbJu,At The BBC,C#,major,C# major
Amy Winehouse,6Q192DXotxtaysaqNPy5yR,741JhzvIOudONDzRg6wuWJ,album,,2021-05-07,2021,day,0.451,0.771,1,-6.415,0,0.454,0.687,1.38e-5,0.776,0.545,121.284,6VYG3BMGYLDV0OR6sEXax8,https://api.spotify.com/v1/audio-analysis/6VYG3BMGYLDV0OR6sEXax8,4,,,3,207413,FALSE,https://api.spotify.com/v1/tracks/6VYG3BMGYLDV0OR6sEXax8,FALSE,Tears Dry On Their Own - Live At Porchester Hall / 2007,NA,2,track,spotify:track:6VYG3BMGYLDV0OR6sEXax8,https://open.spotify.com/track/6VYG3BMGYLDV0OR6sEXax8,At The BBC,C#,minor,C# minor
Amy Winehouse,6Q192DXotxtaysaqNPy5yR,741JhzvIOudONDzRg6wuWJ,album,,2021-05-07,2021,day,0.555,0.718,9,-7.649,1,0.113,0.229,1.39e-4,0.892,0.476,111.377,1ZhAr4A06WiFRR99KUy6Cr,https://api.spotify.com/v1/audio-analysis/1ZhAr4A06WiFRR99KUy6Cr,4,,,3,255520,FALSE,https://api.spotify.com/v1/tracks/1ZhAr4A06WiFRR99KUy6Cr,FALSE,You Know I'm No Good - Live At Porchester Hall / 2007,NA,3,track,spotify:track:1ZhAr4A06WiFRR99KUy6Cr,https://open.spotify.com/track/1ZhAr4A06WiFRR99KUy6Cr,At The BBC,A,major,A major
Amy Winehouse,6Q192DXotxtaysaqNPy5yR,741JhzvIOudONDzRg6wuWJ,album,,2021-05-07,2021,day,0.66,0.542,9,-8.506,1,0.0849,0.414,3.72e-4,0.677,0.531,95.94,10OcV3kj7y1mS2XproMP0L,https://api.spotify.com/v1/audio-analysis/10OcV3kj7y1mS2XproMP0L,4,,,3,192973,FALSE,https://api.spotify.com/v1/tracks/10OcV3kj7y1mS2XproMP0L,FALSE,Just Friends - Live At Porchester Hall / 2007,NA,4,track,spotify:track:10OcV3kj7y1mS2XproMP0L,https://open.spotify.com/track/10OcV3kj7y1mS2XproMP0L,At The BBC,A,major,A major
Amy Winehouse,6Q192DXotxtaysaqNPy5yR,741JhzvIOudONDzRg6wuWJ,album,,2021-05-07,2021,day,0.546,0.732,11,-6.903,0,0.164,0.384,0,0.946,0.576,101.221,63GyGK1Xn6nolMAz0hOk7J,https://api.spotify.com/v1/audio-analysis/63GyGK1Xn6nolMAz0hOk7J,4,,,3,195240,FALSE,https://api.spotify.com/v1/tracks/63GyGK1Xn6nolMAz0hOk7J,FALSE,He Can Only Hold Her - Live At Porchester Hall / 2007,NA,5,track,spotify:track:63GyGK1Xn6nolMAz0hOk7J,https://open.spotify.com/track/63GyGK1Xn6nolMAz0hOk7J,At The BBC,B,minor,B minor
Amy Winehouse,6Q192DXotxtaysaqNPy5yR,741JhzvIOudONDzRg6wuWJ,album,,2021-05-07,2021,day,0.407,0.454,9,-7.869,1,0.053,0.753,0,0.968,0.224,112.658,6jeGMGeUYfYSJPy1ucqbMC,https://api.spotify.com/v1/audio-analysis/6jeGMGeUYfYSJPy1ucqbMC,4,,,3,200573,FALSE,https://api.spotify.com/v1/tracks/6jeGMGeUYfYSJPy1ucqbMC,FALSE,I Heard Love Is Blind - Live At Porchester Hall / 2007,NA,6,track,spotify:track:6jeGMGeUYfYSJPy1ucqbMC,https://open.spotify.com/track/6jeGMGeUYfYSJPy1ucqbMC,At The BBC,A,major,A major
Amy Winehouse,6Q192DXotxtaysaqNPy5yR,741JhzvIOudONDzRg6wuWJ,album,,2021-05-07,2021,day,0.42,0.79,0,-6.297,1,0.156,0.669,2.84e-5,0.967,0.474,152.139,6OZWdGJUyKiaApZhdcaaPa,https://api.spotify.com/v1/audio-analysis/6OZWdGJUyKiaApZhdcaaPa,4,,,3,218613,FALSE,https://api.spotify.com/v1/tracks/6OZWdGJUyKiaApZhdcaaPa,FALSE,Rehab - Live At Porchester Hall / 2007,NA,7,track,spotify:track:6OZWdGJUyKiaApZhdcaaPa,https://open.spotify.com/track/6OZWdGJUyKiaApZhdcaaPa,At The BBC,C,major,C major
Amy Winehouse,6Q192DXotxtaysaqNPy5yR,741JhzvIOudONDzRg6wuWJ,album,,2021-05-07,2021,day,0.48,0.502,1,-7.21,0,0.0851,0.597,1.16e-6,0.93,0.363,113.677,3hxKhsgHf8ALzGBOTkvwId,https://api.spotify.com/v1/audio-analysis/3hxKhsgHf8ALzGBOTkvwId,4,,,3,210560,FALSE,https://api.spotify.com/v1/tracks/3hxKhsgHf8ALzGBOTkvwId,FALSE,Take The Box - Live At Porchester Hall / 2007,NA,8,track,spotify:track:3hxKhsgHf8ALzGBOTkvwId,https://open.spotify.com/track/3hxKhsgHf8ALzGBOTkvwId,At The BBC,C#,minor,C# minor
Amy Winehouse,6Q192DXotxtaysaqNPy5yR,741JhzvIOudONDzRg6wuWJ,album,,2021-05-07,2021,day,0.449,0.439,5,-9.063,1,0.0677,0.878,0.00248,0.718,0.184,131.59,1QvZS74G7QMwNaooqXF5QQ,https://api.spotify.com/v1/audio-analysis/1QvZS74G7QMwNaooqXF5QQ,3,,,3,201706,FALSE,https://api.spotify.com/v1/tracks/1QvZS74G7QMwNaooqXF5QQ,FALSE,Some Unholy War - Live At Porchester Hall / 2007,NA,9,track,spotify:track:1QvZS74G7QMwNaooqXF5QQ,https://open.spotify.com/track/1QvZS74G7QMwNaooqXF5QQ,At The BBC,F,major,F major
Amy Winehouse,6Q192DXotxtaysaqNPy5yR,741JhzvIOudONDzRg6wuWJ,album,,2021-05-07,2021,day,0.504,0.694,2,-7.154,1,0.255,0.432,0.00356,0.972,0.347,138.178,0jUfqdTFe6YacBEMpDjCef,https://api.spotify.com/v1/audio-analysis/0jUfqdTFe6YacBEMpDjCef,4,,,3,234840,FALSE,https://api.spotify.com/v1/tracks/0jUfqdTFe6YacBEMpDjCef,FALSE,Back To Black - Live At Porchester Hall / 2007,NA,10,track,spotify:track:0jUfqdTFe6YacBEMpDjCef,https://open.spotify.com/track/0jUfqdTFe6YacBEMpDjCef,At The BBC,D,major,D major
Amy Winehouse,6Q192DXotxtaysaqNPy5yR,741JhzvIOudONDzRg6wuWJ,album,,2021-05-07,2021,day,0.461,0.705,5,-6.084,0,0.0825,0.539,1.5e-5,0.605,0.554,103.815,6xdXjusXkedyQKktEgH3D6,https://api.spotify.com/v1/audio-analysis/6xdXjusXkedyQKktEgH3D6,4,,,3,215826,FALSE,https://api.spotify.com/v1/tracks/6xdXjusXkedyQKktEgH3D6,FALSE,Valerie - Live At Porchester Hall / 2007,NA,11,track,spotify:track:6xdXjusXkedyQKktEgH3D6,https://open.spotify.com/track/6xdXjusXkedyQKktEgH3D6,At The BBC,F,minor,F minor
Amy Winehouse,6Q192DXotxtaysaqNPy5yR,741JhzvIOudONDzRg6wuWJ,album,,2021-05-07,2021,day,0.48,0.763,8,-6.449,1,0.13,0.696,2.91e-5,0.969,0.465,109.107,4g3DjDIpi4pujMwQsKwBEP,https://api.spotify.com/v1/audio-analysis/4g3DjDIpi4pujMwQsKwBEP,4,,,3,178880,FALSE,https://api.spotify.com/v1/tracks/4g3DjDIpi4pujMwQsKwBEP,FALSE,Addicted - Live At Porchester Hall / 2007,NA,12,track,spotify:track:4g3DjDIpi4pujMwQsKwBEP,https://open.spotify.com/track/4g3DjDIpi4pujMwQsKwBEP,At The BBC,G#,major,G# major
Amy Winehouse,6Q192DXotxtaysaqNPy5yR,741JhzvIOudONDzRg6wuWJ,album,,2021-05-07,2021,day,0.477,0.603,1,-6.786,0,0.0612,0.726,1.7e-4,0.95,0.428,88.302,4cks9W8cvxx0FnsdLSkqNj,https://api.spotify.com/v1/audio-analysis/4cks9W8cvxx0FnsdLSkqNj,4,,,3,161893,FALSE,https://api.spotify.com/v1/tracks/4cks9W8cvxx0FnsdLSkqNj,FALSE,Me & Mr Jones - Live At Porchester Hall / 2007,NA,13,track,spotify:track:4cks9W8cvxx0FnsdLSkqNj,https://open.spotify.com/track/4cks9W8cvxx0FnsdLSkqNj,At The BBC,C#,minor,C# minor
Amy Winehouse,6Q192DXotxtaysaqNPy5yR,741JhzvIOudONDzRg6wuWJ,album,,2021-05-07,2021,day,0.345,0.891,5,-6.641,0,0.32,0.108,0,0.936,0.529,158.359,1FZxXiHj3oOYygBKO8cRcr,https://api.spotify.com/v1/audio-analysis/1FZxXiHj3oOYygBKO8cRcr,4,,,3,171493,FALSE,https://api.spotify.com/v1/tracks/1FZxXiHj3oOYygBKO8cRcr,FALSE,Monkey Man - Live At Porchester Hall / 2007,NA,14,track,spotify:track:1FZxXiHj3oOYygBKO8cRcr,https://open.spotify.com/track/1FZxXiHj3oOYygBKO8cRcr,At The BBC,F,minor,F minor
Amy Winehouse,6Q192DXotxtaysaqNPy5yR,5Fb59VtYjJNTXPcNGpoDU3,album,,2015-10-30,2015,day,0.552,0.0227,3,-24.076,1,0.0585,0.993,0.826,0.108,0.053900000000000003,135.179,0ct0FgC4wIXBNXhxADiOYw,https://api.spotify.com/v1/audio-analysis/0ct0FgC4wIXBNXhxADiOYw,3,,,1,58226,FALSE,https://api.spotify.com/v1/tracks/0ct0FgC4wIXBNXhxADiOYw,FALSE,Opening - Edit,NA,1,track,spotify:track:0ct0FgC4wIXBNXhxADiOYw,https://open.spotify.com/track/0ct0FgC4wIXBNXhxADiOYw,AMY (Original Motion Picture Soundtrack),D#,major,D# major
Amy Winehouse,6Q192DXotxtaysaqNPy5yR,5Fb59VtYjJNTXPcNGpoDU3,album,,2015-10-30,2015,day,0.883,0.458,9,-6.801,0,0.0411,0.0401,4.19e-4,0.0603,0.816,91.426,5LC7nItIEFp4nzdFdEGbf9,https://api.spotify.com/v1/audio-analysis/5LC7nItIEFp4nzdFdEGbf9,4,,,1,214493,FALSE,https://api.spotify.com/v1/tracks/5LC7nItIEFp4nzdFdEGbf9,FALSE,Stronger Than Me,NA,2,track,spotify:track:5LC7nItIEFp4nzdFdEGbf9,https://open.spotify.com/track/5LC7nItIEFp4nzdFdEGbf9,AMY (Original Motion Picture Soundtrack),A,minor,A minor
Amy Winehouse,6Q192DXotxtaysaqNPy5yR,5Fb59VtYjJNTXPcNGpoDU3,album,,2015-10-30,2015,day,0.401,0.39,6,-12.057,0,0.0347,0.938,0.883,0.0866,0.0998,123.895,7phJBl7QDxEurVpW1Nlqf9,https://api.spotify.com/v1/audio-analysis/7phJBl7QDxEurVpW1Nlqf9,3,,,1,173040,FALSE,https://api.spotify.com/v1/tracks/7phJBl7QDxEurVpW1Nlqf9,FALSE,Poetic Finale - Edit,NA,3,track,spotify:track:7phJBl7QDxEurVpW1Nlqf9,https://open.spotify.com/track/7phJBl7QDxEurVpW1Nlqf9,AMY (Original Motion Picture Soundtrack),F#,minor,F# minor
Amy Winehouse,6Q192DXotxtaysaqNPy5yR,5Fb59VtYjJNTXPcNGpoDU3,album,,2015-10-30,2015,day,0.578,0.333,11,-10.182,0,0.0971,0.871,0.0017,0.932,0.496,130.486,40GTKaedGtzka8dlV4NuqI,https://api.spotify.com/v1/audio-analysis/40GTKaedGtzka8dlV4NuqI,4,,,1,285453,FALSE,https://api.spotify.com/v1/tracks/40GTKaedGtzka8dlV4NuqI,FALSE,What Is It About Men - Live At North Sea Jazz Festival,NA,4,track,spotify:track:40GTKaedGtzka8dlV4NuqI,https://open.spotify.com/track/40GTKaedGtzka8dlV4NuqI,AMY (Original Motion Picture Soundtrack),B,minor,B minor
Amy Winehouse,6Q192DXotxtaysaqNPy5yR,5Fb59VtYjJNTXPcNGpoDU3,album,,2015-10-30,2015,day,0.15,0.331,7,-15.546,1,0.0393,0.91,0.927,0.109,0.0349,79.772,39zRJRLDREljQNU6LCgMFi,https://api.spotify.com/v1/audio-analysis/39zRJRLDREljQNU6LCgMFi,3,,,1,74320,FALSE,https://api.spotify.com/v1/tracks/39zRJRLDREljQNU6LCgMFi,FALSE,Walk - Edit,NA,5,track,spotify:track:39zRJRLDREljQNU6LCgMFi,https://open.spotify.com/track/39zRJRLDREljQNU6LCgMFi,AMY (Original Motion Picture Soundtrack),G,major,G major
Amy Winehouse,6Q192DXotxtaysaqNPy5yR,5Fb59VtYjJNTXPcNGpoDU3,album,,2015-10-30,2015,day,0.488,0.431,5,-11.396,1,0.0387,0.463,8.55e-4,0.0901,0.223,156.201,6OaexwzJ7LXIykBzRqpOmD,https://api.spotify.com/v1/audio-analysis/6OaexwzJ7LXIykBzRqpOmD,3,,,1,195306,FALSE,https://api.spotify.com/v1/tracks/6OaexwzJ7LXIykBzRqpOmD,FALSE,Some Unholy War - Down Tempo,NA,6,track,spotify:track:6OaexwzJ7LXIykBzRqpOmD,https://open.spotify.com/track/6OaexwzJ7LXIykBzRqpOmD,AMY (Original Motion Picture Soundtrack),F,major,F major
Amy Winehouse,6Q192DXotxtaysaqNPy5yR,5Fb59VtYjJNTXPcNGpoDU3,album,,2015-10-30,2015,day,0.207,0.129,0,-27.382,0,0.0462,0.987,0.911,0.0749,0.0394,74.887,34Owb4rZbbKapQ4YFeuhVl,https://api.spotify.com/v1/audio-analysis/34Owb4rZbbKapQ4YFeuhVl,4,,,1,52146,FALSE,https://api.spotify.com/v1/tracks/34Owb4rZbbKapQ4YFeuhVl,FALSE,Holiday Texts - Edit,NA,7,track,spotify:track:34Owb4rZbbKapQ4YFeuhVl,https://open.spotify.com/track/34Owb4rZbbKapQ4YFeuhVl,AMY (Original Motion Picture Soundtrack),C,minor,C minor
Amy Winehouse,6Q192DXotxtaysaqNPy5yR,5Fb59VtYjJNTXPcNGpoDU3,album,,2015-10-30,2015,day,0.7,0.604,3,-17.517,1,0.0831,0.903,0.892,0.112,0.179,154.954,1g57PnPzUoyRtKADFDehCZ,https://api.spotify.com/v1/audio-analysis/1g57PnPzUoyRtKADFDehCZ,3,,,1,104893,FALSE,https://api.spotify.com/v1/tracks/1g57PnPzUoyRtKADFDehCZ,FALSE,Kidnapping Amy,NA,8,track,spotify:track:1g57PnPzUoyRtKADFDehCZ,https://open.spotify.com/track/1g57PnPzUoyRtKADFDehCZ,AMY (Original Motion Picture Soundtrack),D#,major,D# major
Amy Winehouse,6Q192DXotxtaysaqNPy5yR,5Fb59VtYjJNTXPcNGpoDU3,album,,2015-10-30,2015,day,0.525,0.159,4,-15.278,0,0.107,0.726,0,0.363,0.34,82.708,6l15zKFH48Am5AeuCM38o6,https://api.spotify.com/v1/audio-analysis/6l15zKFH48Am5AeuCM38o6,4,,,1,82360,FALSE,https://api.spotify.com/v1/tracks/6l15zKFH48Am5AeuCM38o6,FALSE,Like Smoke,NA,9,track,spotify:track:6l15zKFH48Am5AeuCM38o6,https://open.spotify.com/track/6l15zKFH48Am5AeuCM38o6,AMY (Original Motion Picture Soundtrack),E,minor,E minor
Amy Winehouse,6Q192DXotxtaysaqNPy5yR,5Fb59VtYjJNTXPcNGpoDU3,album,,2015-10-30,2015,day,0.661,0.782,1,-5.998,0,0.134,0.504,0,0.246,0.534,121.512,3GnlbPpTLBwz35Cg5sdxuX,https://api.spotify.com/v1/audio-analysis/3GnlbPpTLBwz35Cg5sdxuX,4,,,1,187200,TRUE,https://api.spotify.com/v1/tracks/3GnlbPpTLBwz35Cg5sdxuX,FALSE,Tears Dry On Their Own,NA,10,track,spotify:track:3GnlbPpTLBwz35Cg5sdxuX,https://open.spotify.com/track/3GnlbPpTLBwz35Cg5sdxuX,AMY (Original Motion Picture Soundtrack),C#,minor,C# minor
Amy Winehouse,6Q192DXotxtaysaqNPy5yR,5Fb59VtYjJNTXPcNGpoDU3,album,,2015-10-30,2015,day,0.385,0.0207,1,-26.713,0,0.0533,0.966,0.975,0.0951,0.27,77.387,2p6H4OtLnkDDg2gJrWeRkA,https://api.spotify.com/v1/audio-analysis/2p6H4OtLnkDDg2gJrWeRkA,4,,,1,54733,FALSE,https://api.spotify.com/v1/tracks/2p6H4OtLnkDDg2gJrWeRkA,FALSE,Seperacao Fotos - Edit,NA,11,track,spotify:track:2p6H4OtLnkDDg2gJrWeRkA,https://open.spotify.com/track/2p6H4OtLnkDDg2gJrWeRkA,AMY (Original Motion Picture Soundtrack),C#,minor,C# minor
Amy Winehouse,6Q192DXotxtaysaqNPy5yR,5Fb59VtYjJNTXPcNGpoDU3,album,,2015-10-30,2015,day,0.267,0.542,2,-10.78,1,0.0927,0.201,0.872,0.115,0.112,200.194,0DG31aaspJyTKKQlt8vqgd,https://api.spotify.com/v1/audio-analysis/0DG31aaspJyTKKQlt8vqgd,4,,,1,384106,FALSE,https://api.spotify.com/v1/tracks/0DG31aaspJyTKKQlt8vqgd,FALSE,The Name Of The Wave,NA,12,track,spotify:track:0DG31aaspJyTKKQlt8vqgd,https://open.spotify.com/track/0DG31aaspJyTKKQlt8vqgd,AMY (Original Motion Picture Soundtrack),D,major,D major
Amy Winehouse,6Q192DXotxtaysaqNPy5yR,5Fb59VtYjJNTXPcNGpoDU3,album,,2015-10-30,2015,day,0.373,0.607,2,-3.664,0,0.0505,0.261,2.74e-6,0.0986,0.225,119.821,4vCyAAMCZZ9r4443negeQO,https://api.spotify.com/v1/audio-analysis/4vCyAAMCZZ9r4443negeQO,4,,,1,229240,TRUE,https://api.spotify.com/v1/tracks/4vCyAAMCZZ9r4443negeQO,FALSE,Back To Black,NA,13,track,spotify:track:4vCyAAMCZZ9r4443negeQO,https://open.spotify.com/track/4vCyAAMCZZ9r4443negeQO,AMY (Original Motion Picture Soundtrack),D,minor,D minor
Amy Winehouse,6Q192DXotxtaysaqNPy5yR,5Fb59VtYjJNTXPcNGpoDU3,album,,2015-10-30,2015,day,0.512,0.144,8,-17.314,1,0.0452,0.979,0.839,0.0593,0.326,135.348,3KKEvnFHvfJ6ubEReS1dmK,https://api.spotify.com/v1/audio-analysis/3KKEvnFHvfJ6ubEReS1dmK,3,,,1,75560,FALSE,https://api.spotify.com/v1/tracks/3KKEvnFHvfJ6ubEReS1dmK,FALSE,Cynthia - Edit,NA,14,track,spotify:track:3KKEvnFHvfJ6ubEReS1dmK,https://open.spotify.com/track/3KKEvnFHvfJ6ubEReS1dmK,AMY (Original Motion Picture Soundtrack),G#,major,G# major
Amy Winehouse,6Q192DXotxtaysaqNPy5yR,5Fb59VtYjJNTXPcNGpoDU3,album,,2015-10-30,2015,day,0.422,0.773,0,-5.508,1,0.0951,0.0413,1.44e-5,0.223,0.425,144.974,7E4dtl5gWROiMKibvedh0i,https://api.spotify.com/v1/audio-analysis/7E4dtl5gWROiMKibvedh0i,4,,,1,221266,FALSE,https://api.spotify.com/v1/tracks/7E4dtl5gWROiMKibvedh0i,FALSE,Rehab - Live On Jools Holland,NA,15,track,spotify:track:7E4dtl5gWROiMKibvedh0i,https://open.spotify.com/track/7E4dtl5gWROiMKibvedh0i,AMY (Original Motion Picture Soundtrack),C,major,C major
Amy Winehouse,6Q192DXotxtaysaqNPy5yR,5Fb59VtYjJNTXPcNGpoDU3,album,,2015-10-30,2015,day,0.478,0.221,0,-21.591,0,0.0329,0.961,0.759,0.071,0.057,74.982,7taSJbOhxfc7Vfto48gFKj,https://api.spotify.com/v1/audio-analysis/7taSJbOhxfc7Vfto48gFKj,1,,,1,65453,FALSE,https://api.spotify.com/v1/tracks/7taSJbOhxfc7Vfto48gFKj,FALSE,In The Studio - Edit,NA,16,track,spotify:track:7taSJbOhxfc7Vfto48gFKj,https://open.spotify.com/track/7taSJbOhxfc7Vfto48gFKj,AMY (Original Motion Picture Soundtrack),C,minor,C minor
Amy Winehouse,6Q192DXotxtaysaqNPy5yR,5Fb59VtYjJNTXPcNGpoDU3,album,,2015-10-30,2015,day,0.559,0.13,9,-9.121,0,0.0452,0.95,1.55e-4,0.89,0.287,132.742,1MdMYZN0VnpjTy6nBCM2Qf,https://api.spotify.com/v1/audio-analysis/1MdMYZN0VnpjTy6nBCM2Qf,3,,,1,175986,FALSE,https://api.spotify.com/v1/tracks/1MdMYZN0VnpjTy6nBCM2Qf,FALSE,We're Still Friends - Live At The Union Chapel,NA,17,track,spotify:track:1MdMYZN0VnpjTy6nBCM2Qf,https://open.spotify.com/track/1MdMYZN0VnpjTy6nBCM2Qf,AMY (Original Motion Picture Soundtrack),A,minor,A minor
Amy Winehouse,6Q192DXotxtaysaqNPy5yR,5Fb59VtYjJNTXPcNGpoDU3,album,,2015-10-30,2015,day,0.496,0.0423,6,-27.655,0,0.0569,0.994,0.936,0.0835,0.26,120.012,1w3KJgj6x75PiQm8Ppe0sS,https://api.spotify.com/v1/audio-analysis/1w3KJgj6x75PiQm8Ppe0sS,3,,,1,135253,FALSE,https://api.spotify.com/v1/tracks/1w3KJgj6x75PiQm8Ppe0sS,FALSE,Amy Lives,NA,18,track,spotify:track:1w3KJgj6x75PiQm8Ppe0sS,https://open.spotify.com/track/1w3KJgj6x75PiQm8Ppe0sS,AMY (Original Motion Picture Soundtrack),F#,minor,F# minor
Amy Winehouse,6Q192DXotxtaysaqNPy5yR,5Fb59VtYjJNTXPcNGpoDU3,album,,2015-10-30,2015,day,0.511,0.254,0,-9.44,1,0.0331,0.871,1.65e-4,0.0996,0.247,88.421,1DYCdxNAVNUCAOlAi7aP5o,https://api.spotify.com/v1/audio-analysis/1DYCdxNAVNUCAOlAi7aP5o,4,,,1,152093,FALSE,https://api.spotify.com/v1/tracks/1DYCdxNAVNUCAOlAi7aP5o,FALSE,Love Is A Losing Game - Live At The Mercury Music Awards,NA,19,track,spotify:track:1DYCdxNAVNUCAOlAi7aP5o,https://open.spotify.com/track/1DYCdxNAVNUCAOlAi7aP5o,AMY (Original Motion Picture Soundtrack),C,major,C major
Amy Winehouse,6Q192DXotxtaysaqNPy5yR,5Fb59VtYjJNTXPcNGpoDU3,album,,2015-10-30,2015,day,0.188,0.332,10,-15.618,0,0.0421,0.95,0.973,0.109,0.057,74.419,5StnpUPRsALrz6osNM2Bsa,https://api.spotify.com/v1/audio-analysis/5StnpUPRsALrz6osNM2Bsa,3,,,1,64800,FALSE,https://api.spotify.com/v1/tracks/5StnpUPRsALrz6osNM2Bsa,FALSE,Arrested - Edit,NA,20,track,spotify:track:5StnpUPRsALrz6osNM2Bsa,https://open.spotify.com/track/5StnpUPRsALrz6osNM2Bsa,AMY (Original Motion Picture Soundtrack),A#,minor,A# minor
Amy Winehouse,6Q192DXotxtaysaqNPy5yR,5Fb59VtYjJNTXPcNGpoDU3,album,,2015-10-30,2015,day,0.255,0.267,1,-11.902,1,0.0324,0.863,6.55e-5,0.126,0.199,60.763,12TAfwmQSufwlerS9UJaQB,https://api.spotify.com/v1/audio-analysis/12TAfwmQSufwlerS9UJaQB,4,,,1,203546,FALSE,https://api.spotify.com/v1/tracks/12TAfwmQSufwlerS9UJaQB,FALSE,Body And Soul,NA,21,track,spotify:track:12TAfwmQSufwlerS9UJaQB,https://open.spotify.com/track/12TAfwmQSufwlerS9UJaQB,AMY (Original Motion Picture Soundtrack),C#,major,C# major
Amy Winehouse,6Q192DXotxtaysaqNPy5yR,5Fb59VtYjJNTXPcNGpoDU3,album,,2015-10-30,2015,day,0.47,0.256,0,-15.181,0,0.0281,0.965,0.948,0.0832,0.0604,135.021,6sugep3RYUZ6G67iANvfr7,https://api.spotify.com/v1/audio-analysis/6sugep3RYUZ6G67iANvfr7,3,,,1,169173,FALSE,https://api.spotify.com/v1/tracks/6sugep3RYUZ6G67iANvfr7,FALSE,Amy Forever,NA,22,track,spotify:track:6sugep3RYUZ6G67iANvfr7,https://open.spotify.com/track/6sugep3RYUZ6G67iANvfr7,AMY (Original Motion Picture Soundtrack),C,minor,C minor
Amy Winehouse,6Q192DXotxtaysaqNPy5yR,5Fb59VtYjJNTXPcNGpoDU3,album,,2015-10-30,2015,day,0.758,0.304,5,-8.092,0,0.0373,0.734,3.72e-6,0.167,0.647,96.117,5it9RIRXDwiLpJKdce6Z7e,https://api.spotify.com/v1/audio-analysis/5it9RIRXDwiLpJKdce6Z7e,4,,,1,232120,FALSE,https://api.spotify.com/v1/tracks/5it9RIRXDwiLpJKdce6Z7e,FALSE,Valerie - BBC Radio 1 Live Lounge,NA,23,track,spotify:track:5it9RIRXDwiLpJKdce6Z7e,https://open.spotify.com/track/5it9RIRXDwiLpJKdce6Z7e,AMY (Original Motion Picture Soundtrack),F,minor,F minor
Amy Winehouse,6Q192DXotxtaysaqNPy5yR,4xdRjOhY9NHmMpI7U3e2c3,album,,2011-01-01,2011,day,0.705,0.634,5,-6.083,0,0.0282,0.0405,3.53e-5,0.349,0.639,98.008,4NDpn6yfD5aqafYWFEaJDz,https://api.spotify.com/v1/audio-analysis/4NDpn6yfD5aqafYWFEaJDz,4,,,1,169373,FALSE,https://api.spotify.com/v1/tracks/4NDpn6yfD5aqafYWFEaJDz,FALSE,Our Day Will Come,NA,1,track,spotify:track:4NDpn6yfD5aqafYWFEaJDz,https://open.spotify.com/track/4NDpn6yfD5aqafYWFEaJDz,Lioness: Hidden Treasures,F,minor,F minor
Amy Winehouse,6Q192DXotxtaysaqNPy5yR,4xdRjOhY9NHmMpI7U3e2c3,album,,2011-01-01,2011,day,0.461,0.633,11,-6.057,0,0.0333,0.656,0,0.205,0.63,82.586,77RrNbeBUXb1Dtewp0HQuR,https://api.spotify.com/v1/audio-analysis/77RrNbeBUXb1Dtewp0HQuR,4,,,1,213586,FALSE,https://api.spotify.com/v1/tracks/77RrNbeBUXb1Dtewp0HQuR,FALSE,Between The Cheats,NA,2,track,spotify:track:77RrNbeBUXb1Dtewp0HQuR,https://open.spotify.com/track/77RrNbeBUXb1Dtewp0HQuR,Lioness: Hidden Treasures,B,minor,B minor
Amy Winehouse,6Q192DXotxtaysaqNPy5yR,4xdRjOhY9NHmMpI7U3e2c3,album,,2011-01-01,2011,day,0.439,0.795,4,-4.644,1,0.0384,0.306,0,0.179,0.428,169.975,0IEGGuRHP8ylbCXausRF9p,https://api.spotify.com/v1/audio-analysis/0IEGGuRHP8ylbCXausRF9p,4,,,1,248093,TRUE,https://api.spotify.com/v1/tracks/0IEGGuRHP8ylbCXausRF9p,FALSE,Tears Dry - Original Version,NA,3,track,spotify:track:0IEGGuRHP8ylbCXausRF9p,https://open.spotify.com/track/0IEGGuRHP8ylbCXausRF9p,Lioness: Hidden Treasures,E,major,E major
Amy Winehouse,6Q192DXotxtaysaqNPy5yR,4xdRjOhY9NHmMpI7U3e2c3,album,,2011-01-01,2011,day,0.587,0.624,0,-4.657,1,0.025,0.161,1.91e-4,0.118,0.251,93.428,0LbK1bodGLc9xmV1cS9jvL,https://api.spotify.com/v1/audio-analysis/0LbK1bodGLc9xmV1cS9jvL,4,,,1,262813,FALSE,https://api.spotify.com/v1/tracks/0LbK1bodGLc9xmV1cS9jvL,FALSE,Will You Still Love Me Tomorrow? - 2011,NA,4,track,spotify:track:0LbK1bodGLc9xmV1cS9jvL,https://open.spotify.com/track/0LbK1bodGLc9xmV1cS9jvL,Lioness: Hidden Treasures,C,major,C major
Amy Winehouse,6Q192DXotxtaysaqNPy5yR,4xdRjOhY9NHmMpI7U3e2c3,album,,2011-01-01,2011,day,0.637,0.866,7,-3.979,0,0.0868,0.154,0,0.181,0.336,97.897,2r45rookK2awLkiOHOef1o,https://api.spotify.com/v1/audio-analysis/2r45rookK2awLkiOHOef1o,4,,,1,278000,TRUE,https://api.spotify.com/v1/tracks/2r45rookK2awLkiOHOef1o,FALSE,Like Smoke,NA,5,track,spotify:track:2r45rookK2awLkiOHOef1o,https://open.spotify.com/track/2r45rookK2awLkiOHOef1o,Lioness: Hidden Treasures,G,minor,G minor
Amy Winehouse,6Q192DXotxtaysaqNPy5yR,4xdRjOhY9NHmMpI7U3e2c3,album,,2011-01-01,2011,day,0.665,0.827,5,-4.429,0,0.0348,0.0127,7.62e-4,0.0815,0.705,100.657,1om5SLZiUA9DVEnjcZBBzA,https://api.spotify.com/v1/audio-analysis/1om5SLZiUA9DVEnjcZBBzA,4,,,1,239906,FALSE,https://api.spotify.com/v1/tracks/1om5SLZiUA9DVEnjcZBBzA,FALSE,Valerie - '68 Version,NA,6,track,spotify:track:1om5SLZiUA9DVEnjcZBBzA,https://open.spotify.com/track/1om5SLZiUA9DVEnjcZBBzA,Lioness: Hidden Treasures,F,minor,F minor
Amy Winehouse,6Q192DXotxtaysaqNPy5yR,4xdRjOhY9NHmMpI7U3e2c3,album,,2011-01-01,2011,day,0.696,0.616,9,-5.144,0,0.047,0.25,4.35e-6,0.107,0.66,138.059,7F5rIyOI88zk36AiBXC8xq,https://api.spotify.com/v1/audio-analysis/7F5rIyOI88zk36AiBXC8xq,4,,,1,166960,FALSE,https://api.spotify.com/v1/tracks/7F5rIyOI88zk36AiBXC8xq,FALSE,The Girl From Ipanema,NA,7,track,spotify:track:7F5rIyOI88zk36AiBXC8xq,https://open.spotify.com/track/7F5rIyOI88zk36AiBXC8xq,Lioness: Hidden Treasures,A,minor,A minor
Amy Winehouse,6Q192DXotxtaysaqNPy5yR,4xdRjOhY9NHmMpI7U3e2c3,album,,2011-01-01,2011,day,0.624,0.488,4,-8.258,0,0.0584,0.375,9.63e-5,0.339,0.273,84.218,4d0dY3ZeMdoYrD5YmdFvWZ,https://api.spotify.com/v1/audio-analysis/4d0dY3ZeMdoYrD5YmdFvWZ,4,,,1,230853,TRUE,https://api.spotify.com/v1/tracks/4d0dY3ZeMdoYrD5YmdFvWZ,FALSE,Half Time,NA,8,track,spotify:track:4d0dY3ZeMdoYrD5YmdFvWZ,https://open.spotify.com/track/4d0dY3ZeMdoYrD5YmdFvWZ,Lioness: Hidden Treasures,E,minor,E minor
Amy Winehouse,6Q192DXotxtaysaqNPy5yR,4xdRjOhY9NHmMpI7U3e2c3,album,,2011-01-01,2011,day,0.454,0.378,9,-8.986,1,0.061,0.572,5.78e-6,0.0956,0.272,169.757,2G4rsUWjuBb6vPrUm01etb,https://api.spotify.com/v1/audio-analysis/2G4rsUWjuBb6vPrUm01etb,3,,,1,264266,FALSE,https://api.spotify.com/v1/tracks/2G4rsUWjuBb6vPrUm01etb,FALSE,Wake Up Alone - Original Recording,NA,9,track,spotify:track:2G4rsUWjuBb6vPrUm01etb,https://open.spotify.com/track/2G4rsUWjuBb6vPrUm01etb,Lioness: Hidden Treasures,A,major,A major
Amy Winehouse,6Q192DXotxtaysaqNPy5yR,4xdRjOhY9NHmMpI7U3e2c3,album,,2011-01-01,2011,day,0.601,0.759,8,-6.934,0,0.0557,0.101,0,0.213,0.581,97.501,7BizTaPDXSWVi8vdGeFg0W,https://api.spotify.com/v1/audio-analysis/7BizTaPDXSWVi8vdGeFg0W,4,,,1,176293,FALSE,https://api.spotify.com/v1/tracks/7BizTaPDXSWVi8vdGeFg0W,FALSE,"Best Friends, Right?",NA,10,track,spotify:track:7BizTaPDXSWVi8vdGeFg0W,https://open.spotify.com/track/7BizTaPDXSWVi8vdGeFg0W,Lioness: Hidden Treasures,G#,minor,G# minor
Amy Winehouse,6Q192DXotxtaysaqNPy5yR,4xdRjOhY9NHmMpI7U3e2c3,album,,2011-01-01,2011,day,0.366,0.327,1,-9.05,1,0.0287,0.848,4.37e-5,0.158,0.162,64.861,4AyULNTWuCtbpxzY2qVowJ,https://api.spotify.com/v1/audio-analysis/4AyULNTWuCtbpxzY2qVowJ,4,,,1,198813,FALSE,https://api.spotify.com/v1/tracks/4AyULNTWuCtbpxzY2qVowJ,FALSE,Body And Soul,NA,11,track,spotify:track:4AyULNTWuCtbpxzY2qVowJ,https://open.spotify.com/track/4AyULNTWuCtbpxzY2qVowJ,Lioness: Hidden Treasures,C#,major,C# major
Amy Winehouse,6Q192DXotxtaysaqNPy5yR,4xdRjOhY9NHmMpI7U3e2c3,album,,2011-01-01,2011,day,0.524,0.542,8,-7.516,1,0.0513,0.232,3.13e-5,0.327,0.362,119.979,4fdPpmqn1eYLyWRcxZmx2D,https://api.spotify.com/v1/audio-analysis/4fdPpmqn1eYLyWRcxZmx2D,4,,,1,269373,FALSE,https://api.spotify.com/v1/tracks/4fdPpmqn1eYLyWRcxZmx2D,FALSE,A Song For You,NA,12,track,spotify:track:4fdPpmqn1eYLyWRcxZmx2D,https://open.spotify.com/track/4fdPpmqn1eYLyWRcxZmx2D,Lioness: Hidden Treasures,G#,major,G# major
Amy Winehouse,6Q192DXotxtaysaqNPy5yR,2poSmwqkBX2RE1Z7eQoU5c,album,,2008-01-01,2008,day,0.691,0.477,8,-6.566,0,0.0453,0.348,0,0.121,0.154,116.044,2rLNJjLmFVTZg1APQ4RgnQ,https://api.spotify.com/v1/audio-analysis/2rLNJjLmFVTZg1APQ4RgnQ,4,,,1,204200,FALSE,https://api.spotify.com/v1/tracks/2rLNJjLmFVTZg1APQ4RgnQ,FALSE,Take The Box - Demo,NA,1,track,spotify:track:2rLNJjLmFVTZg1APQ4RgnQ,https://open.spotify.com/track/2rLNJjLmFVTZg1APQ4RgnQ,Frank,G#,minor,G# minor
Amy Winehouse,6Q192DXotxtaysaqNPy5yR,2poSmwqkBX2RE1Z7eQoU5c,album,,2008-01-01,2008,day,0.541,0.2,11,-8.917,0,0.0554,0.863,0,0.106,0.276,79.845,3xmra5gBnWr0U4DK3v57F9,https://api.spotify.com/v1/audio-analysis/3xmra5gBnWr0U4DK3v57F9,4,,,1,132066,FALSE,https://api.spotify.com/v1/tracks/3xmra5gBnWr0U4DK3v57F9,FALSE,I Heard Love Is Blind - Demo,NA,2,track,spotify:track:3xmra5gBnWr0U4DK3v57F9,https://open.spotify.com/track/3xmra5gBnWr0U4DK3v57F9,Frank,B,minor,B minor
Amy Winehouse,6Q192DXotxtaysaqNPy5yR,2poSmwqkBX2RE1Z7eQoU5c,album,,2008-01-01,2008,day,0.516,0.249,5,-11.929,1,0.0338,0.859,1.13e-4,0.107,0.131,109.077,6NTYTe9TefEXD65luwjxal,https://api.spotify.com/v1/audio-analysis/6NTYTe9TefEXD65luwjxal,4,,,1,268440,FALSE,https://api.spotify.com/v1/tracks/6NTYTe9TefEXD65luwjxal,FALSE,Someone To Watch Over Me - Demo,NA,3,track,spotify:track:6NTYTe9TefEXD65luwjxal,https://open.spotify.com/track/6NTYTe9TefEXD65luwjxal,Frank,F,major,F major
Amy Winehouse,6Q192DXotxtaysaqNPy5yR,2poSmwqkBX2RE1Z7eQoU5c,album,,2008-01-01,2008,day,0.569,0.198,8,-8.989,0,0.0566,0.78,0,0.174,0.294,71.557,2rgemKOXUQGeIABEgwRXAa,https://api.spotify.com/v1/audio-analysis/2rgemKOXUQGeIABEgwRXAa,4,,,1,283746,FALSE,https://api.spotify.com/v1/tracks/2rgemKOXUQGeIABEgwRXAa,FALSE,What It Is - Demo,NA,4,track,spotify:track:2rgemKOXUQGeIABEgwRXAa,https://open.spotify.com/track/2rgemKOXUQGeIABEgwRXAa,Frank,G#,minor,G# minor
Amy Winehouse,6Q192DXotxtaysaqNPy5yR,2poSmwqkBX2RE1Z7eQoU5c,album,,2008-01-01,2008,day,0.482,0.332,5,-9.473,0,0.0533,0.575,6.04e-6,0.981,0.563,111.422,3FVGnrAQYEwQ2TNMcNFxl0,https://api.spotify.com/v1/audio-analysis/3FVGnrAQYEwQ2TNMcNFxl0,3,,,1,201626,FALSE,https://api.spotify.com/v1/tracks/3FVGnrAQYEwQ2TNMcNFxl0,FALSE,"Teach Me Tonight - Live At The Hootenanny, London / 2004",NA,5,track,spotify:track:3FVGnrAQYEwQ2TNMcNFxl0,https://open.spotify.com/track/3FVGnrAQYEwQ2TNMcNFxl0,Frank,F,minor,F minor
Amy Winehouse,6Q192DXotxtaysaqNPy5yR,2poSmwqkBX2RE1Z7eQoU5c,album,,2008-01-01,2008,day,0.48,0.803,8,-7.232,0,0.0705,0.0144,0.0249,0.12,0.625,182.071,3JpHeT83VlL2sYNvvciNGw,https://api.spotify.com/v1/audio-analysis/3JpHeT83VlL2sYNvvciNGw,4,,,1,227973,FALSE,https://api.spotify.com/v1/tracks/3JpHeT83VlL2sYNvvciNGw,FALSE,'Round Midnight,NA,6,track,spotify:track:3JpHeT83VlL2sYNvvciNGw,https://open.spotify.com/track/3JpHeT83VlL2sYNvvciNGw,Frank,G#,minor,G# minor
Amy Winehouse,6Q192DXotxtaysaqNPy5yR,2poSmwqkBX2RE1Z7eQoU5c,album,,2008-01-01,2008,day,0.557,0.56,4,-5.695,1,0.0343,0.54,3.01e-6,0.228,0.206,82.093,3Z5piVCYtXkfz2DEwqBBnt,https://api.spotify.com/v1/audio-analysis/3Z5piVCYtXkfz2DEwqBBnt,4,,,1,218533,FALSE,https://api.spotify.com/v1/tracks/3Z5piVCYtXkfz2DEwqBBnt,FALSE,Fool's Gold,NA,7,track,spotify:track:3Z5piVCYtXkfz2DEwqBBnt,https://open.spotify.com/track/3Z5piVCYtXkfz2DEwqBBnt,Frank,E,major,E major
Amy Winehouse,6Q192DXotxtaysaqNPy5yR,2poSmwqkBX2RE1Z7eQoU5c,album,,2008-01-01,2008,day,0.793,0.461,9,-8.288,0,0.103,0.283,3.36e-5,0.969,0.71,91.067,2Ed07HGaDuZGrDYAFG1BdC,https://api.spotify.com/v1/audio-analysis/2Ed07HGaDuZGrDYAFG1BdC,4,,,1,231546,FALSE,https://api.spotify.com/v1/tracks/2Ed07HGaDuZGrDYAFG1BdC,FALSE,"Stronger Than Me - Later With Jools Holland, London / 2003",NA,8,track,spotify:track:2Ed07HGaDuZGrDYAFG1BdC,https://open.spotify.com/track/2Ed07HGaDuZGrDYAFG1BdC,Frank,A,minor,A minor
Amy Winehouse,6Q192DXotxtaysaqNPy5yR,2poSmwqkBX2RE1Z7eQoU5c,album,,2008-01-01,2008,day,0.722,0.414,2,-9.291,1,0.081,0.229,1.2e-6,0.974,0.439,74.072,27w2s06PaPuFOHsNn1m3xP,https://api.spotify.com/v1/audio-analysis/27w2s06PaPuFOHsNn1m3xP,4,,,1,147226,FALSE,https://api.spotify.com/v1/tracks/27w2s06PaPuFOHsNn1m3xP,FALSE,I Heard Love Is Blind - Live,NA,9,track,spotify:track:27w2s06PaPuFOHsNn1m3xP,https://open.spotify.com/track/27w2s06PaPuFOHsNn1m3xP,Frank,D,major,D major
Amy Winehouse,6Q192DXotxtaysaqNPy5yR,2poSmwqkBX2RE1Z7eQoU5c,album,,2008-01-01,2008,day,0.574,0.403,8,-7.703,0,0.0709,0.21,0,0.947,0.356,119.881,6adICOPagYgADiqjZ1pXaf,https://api.spotify.com/v1/audio-analysis/6adICOPagYgADiqjZ1pXaf,4,,,1,211946,FALSE,https://api.spotify.com/v1/tracks/6adICOPagYgADiqjZ1pXaf,FALSE,"Take The Box - Live At Concorde, Brighton / 2008",NA,10,track,spotify:track:6adICOPagYgADiqjZ1pXaf,https://open.spotify.com/track/6adICOPagYgADiqjZ1pXaf,Frank,G#,minor,G# minor
Amy Winehouse,6Q192DXotxtaysaqNPy5yR,2poSmwqkBX2RE1Z7eQoU5c,album,,2008-01-01,2008,day,0.456,0.732,10,-7.273,0,0.0607,0.0513,1.18e-5,0.987,0.687,128.04,0yh9uGMsGZcjJIcC5Wex5Q,https://api.spotify.com/v1/audio-analysis/0yh9uGMsGZcjJIcC5Wex5Q,5,,,1,335760,FALSE,https://api.spotify.com/v1/tracks/0yh9uGMsGZcjJIcC5Wex5Q,FALSE,In My Bed - Live At Concorde - Brighton/2008,NA,11,track,spotify:track:0yh9uGMsGZcjJIcC5Wex5Q,https://open.spotify.com/track/0yh9uGMsGZcjJIcC5Wex5Q,Frank,A#,minor,A# minor
Amy Winehouse,6Q192DXotxtaysaqNPy5yR,2poSmwqkBX2RE1Z7eQoU5c,album,,2008-01-01,2008,day,0.396,0.73,7,-6.17,0,0.268,0.101,0,0.965,0.585,202.013,2YSf96zfNrRJXQJrZm8aJp,https://api.spotify.com/v1/audio-analysis/2YSf96zfNrRJXQJrZm8aJp,4,,,1,243533,FALSE,https://api.spotify.com/v1/tracks/2YSf96zfNrRJXQJrZm8aJp,FALSE,"Mr Magic (Through The Smoke) - Live, Janice Long Session, Miami/2008",NA,12,track,spotify:track:2YSf96zfNrRJXQJrZm8aJp,https://open.spotify.com/track/2YSf96zfNrRJXQJrZm8aJp,Frank,G,minor,G minor
Amy Winehouse,6Q192DXotxtaysaqNPy5yR,2poSmwqkBX2RE1Z7eQoU5c,album,,2008-01-01,2008,day,0.444,0.256,5,-10.109,1,0.0541,0.782,4.12e-5,0.961,0.314,144.507,0kpPxQjVSor94FMvKwlI5G,https://api.spotify.com/v1/audio-analysis/0kpPxQjVSor94FMvKwlI5G,4,,,1,156960,FALSE,https://api.spotify.com/v1/tracks/0kpPxQjVSor94FMvKwlI5G,FALSE,"(There Is) No Greater Love - Live, Janice Long Session, Miami/2008",NA,13,track,spotify:track:0kpPxQjVSor94FMvKwlI5G,https://open.spotify.com/track/0kpPxQjVSor94FMvKwlI5G,Frank,F,major,F major
Amy Winehouse,6Q192DXotxtaysaqNPy5yR,2poSmwqkBX2RE1Z7eQoU5c,album,,2008-01-01,2008,day,0.865,0.917,2,-7.348,1,0.0677,0.0125,3.94e-4,0.19,0.751,132.05,2ZaAlV7GCjWl8I2igCCEiF,https://api.spotify.com/v1/audio-analysis/2ZaAlV7GCjWl8I2igCCEiF,4,,,1,353173,TRUE,https://api.spotify.com/v1/tracks/2ZaAlV7GCjWl8I2igCCEiF,FALSE,Fuck Me Pumps - MJ Cole Remix,NA,14,track,spotify:track:2ZaAlV7GCjWl8I2igCCEiF,https://open.spotify.com/track/2ZaAlV7GCjWl8I2igCCEiF,Frank,D,major,D major
Amy Winehouse,6Q192DXotxtaysaqNPy5yR,2poSmwqkBX2RE1Z7eQoU5c,album,,2008-01-01,2008,day,0.859,0.762,8,-9.851,0,0.068,0.0744,0.161,0.154,0.698,123.986,5BKF55fIGu4kObMi1uf2xb,https://api.spotify.com/v1/audio-analysis/5BKF55fIGu4kObMi1uf2xb,4,,,1,466786,FALSE,https://api.spotify.com/v1/tracks/5BKF55fIGu4kObMi1uf2xb,FALSE,Take The Box - Seijis Buggin' Mix,NA,15,track,spotify:track:5BKF55fIGu4kObMi1uf2xb,https://open.spotify.com/track/5BKF55fIGu4kObMi1uf2xb,Frank,G#,minor,G# minor
Amy Winehouse,6Q192DXotxtaysaqNPy5yR,2poSmwqkBX2RE1Z7eQoU5c,album,,2008-01-01,2008,day,0.769,0.548,10,-6.201,0,0.0847,0.00406,0.14,0.313,0.605,91.415,6F8p3QBRcjmTZhfIzq1rMr,https://api.spotify.com/v1/audio-analysis/6F8p3QBRcjmTZhfIzq1rMr,4,,,1,222080,FALSE,https://api.spotify.com/v1/tracks/6F8p3QBRcjmTZhfIzq1rMr,FALSE,Stronger Than Me - Harmonic 33 Remix,NA,16,track,spotify:track:6F8p3QBRcjmTZhfIzq1rMr,https://open.spotify.com/track/6F8p3QBRcjmTZhfIzq1rMr,Frank,A#,minor,A# minor
Amy Winehouse,6Q192DXotxtaysaqNPy5yR,2poSmwqkBX2RE1Z7eQoU5c,album,,2008-01-01,2008,day,0.751,0.767,10,-3.173,0,0.0308,0.0181,3.28e-4,0.319,0.851,96.358,6lVj1zzqaLQjVqXY6FacpK,https://api.spotify.com/v1/audio-analysis/6lVj1zzqaLQjVqXY6FacpK,4,,,1,276440,FALSE,https://api.spotify.com/v1/tracks/6lVj1zzqaLQjVqXY6FacpK,FALSE,In My Bed - CJ Mix,NA,17,track,spotify:track:6lVj1zzqaLQjVqXY6FacpK,https://open.spotify.com/track/6lVj1zzqaLQjVqXY6FacpK,Frank,A#,minor,A# minor
Amy Winehouse,6Q192DXotxtaysaqNPy5yR,0E4xv5gPjykrwBgBZzI8XG,album,,2006,2006,year,0.407,0.558,0,-13.609,1,0.0552,0.0541,1.51e-6,0.34,0.777,71.815,3N4DI1vuTSX1tz7fa2NQZw,https://api.spotify.com/v1/audio-analysis/3N4DI1vuTSX1tz7fa2NQZw,4,,,1,214946,FALSE,https://api.spotify.com/v1/tracks/3N4DI1vuTSX1tz7fa2NQZw,FALSE,Rehab,NA,1,track,spotify:track:3N4DI1vuTSX1tz7fa2NQZw,https://open.spotify.com/track/3N4DI1vuTSX1tz7fa2NQZw,Back To Black (Deluxe Edition),C,major,C major
Amy Winehouse,6Q192DXotxtaysaqNPy5yR,0E4xv5gPjykrwBgBZzI8XG,album,,2006,2006,year,0.694,0.496,9,-14.222,1,0.0329,0.0139,0.00356,0.0644,0.799,103.372,0DMRKqrpd0QO4RWiEdMib0,https://api.spotify.com/v1/audio-analysis/0DMRKqrpd0QO4RWiEdMib0,4,,,1,257186,FALSE,https://api.spotify.com/v1/tracks/0DMRKqrpd0QO4RWiEdMib0,FALSE,You Know I'm No Good,NA,2,track,spotify:track:0DMRKqrpd0QO4RWiEdMib0,https://open.spotify.com/track/0DMRKqrpd0QO4RWiEdMib0,Back To Black (Deluxe Edition),A,major,A major
Amy Winehouse,6Q192DXotxtaysaqNPy5yR,0E4xv5gPjykrwBgBZzI8XG,album,,2006,2006,year,0.583,0.486,4,-13.165,1,0.0759,0.518,0,0.0665,0.513,87.837,0RfzQhbvtn5lOaKdhpAni7,https://api.spotify.com/v1/audio-analysis/0RfzQhbvtn5lOaKdhpAni7,4,,,1,153173,TRUE,https://api.spotify.com/v1/tracks/0RfzQhbvtn5lOaKdhpAni7,FALSE,Me & Mr Jones,NA,3,track,spotify:track:0RfzQhbvtn5lOaKdhpAni7,https://open.spotify.com/track/0RfzQhbvtn5lOaKdhpAni7,Back To Black (Deluxe Edition),E,major,E major
Amy Winehouse,6Q192DXotxtaysaqNPy5yR,0E4xv5gPjykrwBgBZzI8XG,album,,2006,2006,year,0.749,0.462,9,-15.449,1,0.0452,0.0417,0.0262,0.2,0.564,95.487,2WsHmmKc1U4IbTzeGUu1Ks,https://api.spotify.com/v1/audio-analysis/2WsHmmKc1U4IbTzeGUu1Ks,4,,,1,193306,TRUE,https://api.spotify.com/v1/tracks/2WsHmmKc1U4IbTzeGUu1Ks,FALSE,Just Friends,NA,4,track,spotify:track:2WsHmmKc1U4IbTzeGUu1Ks,https://open.spotify.com/track/2WsHmmKc1U4IbTzeGUu1Ks,Back To Black (Deluxe Edition),A,major,A major
Amy Winehouse,6Q192DXotxtaysaqNPy5yR,0E4xv5gPjykrwBgBZzI8XG,album,,2006,2006,year,0.403,0.422,7,-13.964,0,0.0373,0.134,2.05e-5,0.0861,0.378,122.728,3FAclTFfvUuQYnEsptbK8w,https://api.spotify.com/v1/audio-analysis/3FAclTFfvUuQYnEsptbK8w,4,,,1,241293,TRUE,https://api.spotify.com/v1/tracks/3FAclTFfvUuQYnEsptbK8w,FALSE,Back To Black,NA,5,track,spotify:track:3FAclTFfvUuQYnEsptbK8w,https://open.spotify.com/track/3FAclTFfvUuQYnEsptbK8w,Back To Black (Deluxe Edition),G,minor,G minor
Amy Winehouse,6Q192DXotxtaysaqNPy5yR,0E4xv5gPjykrwBgBZzI8XG,album,,2006,2006,year,0.484,0.293,0,-16.544,1,0.0311,0.337,0.00627,0.146,0.562,165.008,3uliGwmB52ZA7brgpZMzyH,https://api.spotify.com/v1/audio-analysis/3uliGwmB52ZA7brgpZMzyH,4,,,1,155413,FALSE,https://api.spotify.com/v1/tracks/3uliGwmB52ZA7brgpZMzyH,FALSE,Love Is A Losing Game,NA,6,track,spotify:track:3uliGwmB52ZA7brgpZMzyH,https://open.spotify.com/track/3uliGwmB52ZA7brgpZMzyH,Back To Black (Deluxe Edition),C,major,C major
Amy Winehouse,6Q192DXotxtaysaqNPy5yR,0E4xv5gPjykrwBgBZzI8XG,album,,2006,2006,year,0.634,0.543,1,-13.391,0,0.181,0.525,0,0.232,0.467,121.557,7MDfN1ldfTMtuXXdVz2Pzc,https://api.spotify.com/v1/audio-analysis/7MDfN1ldfTMtuXXdVz2Pzc,4,,,1,186440,TRUE,https://api.spotify.com/v1/tracks/7MDfN1ldfTMtuXXdVz2Pzc,FALSE,Tears Dry On Their Own,NA,7,track,spotify:track:7MDfN1ldfTMtuXXdVz2Pzc,https://open.spotify.com/track/7MDfN1ldfTMtuXXdVz2Pzc,Back To Black (Deluxe Edition),C#,minor,C# minor
Amy Winehouse,6Q192DXotxtaysaqNPy5yR,0E4xv5gPjykrwBgBZzI8XG,album,,2006,2006,year,0.583,0.271,11,-15.866,0,0.0299,0.545,0,0.148,0.235,102.678,2pxCOdnHEZZ3A1XRNxjc1v,https://api.spotify.com/v1/audio-analysis/2pxCOdnHEZZ3A1XRNxjc1v,3,,,1,222000,FALSE,https://api.spotify.com/v1/tracks/2pxCOdnHEZZ3A1XRNxjc1v,FALSE,Wake Up Alone,NA,8,track,spotify:track:2pxCOdnHEZZ3A1XRNxjc1v,https://open.spotify.com/track/2pxCOdnHEZZ3A1XRNxjc1v,Back To Black (Deluxe Edition),B,minor,B minor
Amy Winehouse,6Q192DXotxtaysaqNPy5yR,0E4xv5gPjykrwBgBZzI8XG,album,,2006,2006,year,0.489,0.435,9,-15.558,0,0.163,0.0856,3.91e-5,0.113,0.455,175.865,5DEitTu33CUjozBijXiLNb,https://api.spotify.com/v1/audio-analysis/5DEitTu33CUjozBijXiLNb,4,,,1,142693,FALSE,https://api.spotify.com/v1/tracks/5DEitTu33CUjozBijXiLNb,FALSE,Some Unholy War,NA,9,track,spotify:track:5DEitTu33CUjozBijXiLNb,https://open.spotify.com/track/5DEitTu33CUjozBijXiLNb,Back To Black (Deluxe Edition),A,minor,A minor
Amy Winehouse,6Q192DXotxtaysaqNPy5yR,0E4xv5gPjykrwBgBZzI8XG,album,,2006,2006,year,0.626,0.504,11,-14.978,1,0.073,0.021,0.00843,0.0684,0.713,98.391,3eVo0wD4kGwF3gshtecZso,https://api.spotify.com/v1/audio-analysis/3eVo0wD4kGwF3gshtecZso,4,,,1,166400,FALSE,https://api.spotify.com/v1/tracks/3eVo0wD4kGwF3gshtecZso,FALSE,He Can Only Hold Her,NA,10,track,spotify:track:3eVo0wD4kGwF3gshtecZso,https://open.spotify.com/track/3eVo0wD4kGwF3gshtecZso,Back To Black (Deluxe Edition),B,major,B major
Amy Winehouse,6Q192DXotxtaysaqNPy5yR,0E4xv5gPjykrwBgBZzI8XG,album,,2006,2006,year,0.779,0.513,8,-14.444,1,0.0506,0.00191,0.017,0.102,0.788,107.988,7EzafK3PjsWEICREII1WXg,https://api.spotify.com/v1/audio-analysis/7EzafK3PjsWEICREII1WXg,4,,,1,165120,FALSE,https://api.spotify.com/v1/tracks/7EzafK3PjsWEICREII1WXg,FALSE,Addicted,NA,11,track,spotify:track:7EzafK3PjsWEICREII1WXg,https://open.spotify.com/track/7EzafK3PjsWEICREII1WXg,Back To Black (Deluxe Edition),G#,major,G# major
Amy Winehouse,6Q192DXotxtaysaqNPy5yR,0E4xv5gPjykrwBgBZzI8XG,album,,2006,2006,year,0.772,0.371,5,-5.743,0,0.0348,0.744,0,0.167,0.684,96.574,6nLvaCZFR1wEzW3sIKpsnr,https://api.spotify.com/v1/audio-analysis/6nLvaCZFR1wEzW3sIKpsnr,4,,,2,233733,FALSE,https://api.spotify.com/v1/tracks/6nLvaCZFR1wEzW3sIKpsnr,FALSE,"Valerie - Live At BBC Radio 1 Live Lounge, London / 2007",NA,1,track,spotify:track:6nLvaCZFR1wEzW3sIKpsnr,https://open.spotify.com/track/6nLvaCZFR1wEzW3sIKpsnr,Back To Black (Deluxe Edition),F,minor,F minor
Amy Winehouse,6Q192DXotxtaysaqNPy5yR,0E4xv5gPjykrwBgBZzI8XG,album,,2006,2006,year,0.641,0.609,7,-4.596,1,0.0638,0.163,0,0.0811,0.696,87.181,5kG1ARHk8dli0bKiMN2oE6,https://api.spotify.com/v1/audio-analysis/5kG1ARHk8dli0bKiMN2oE6,4,,,2,228853,FALSE,https://api.spotify.com/v1/tracks/5kG1ARHk8dli0bKiMN2oE6,FALSE,Cupid - Deluxe Edition Version,NA,2,track,spotify:track:5kG1ARHk8dli0bKiMN2oE6,https://open.spotify.com/track/5kG1ARHk8dli0bKiMN2oE6,Back To Black (Deluxe Edition),G,major,G major
Amy Winehouse,6Q192DXotxtaysaqNPy5yR,0E4xv5gPjykrwBgBZzI8XG,album,,2006,2006,year,0.613,0.852,10,-2.83,1,0.0709,0.236,0,0.102,0.923,146.523,52fqquVYihRW17ySEcy5mA,https://api.spotify.com/v1/audio-analysis/52fqquVYihRW17ySEcy5mA,4,,,2,176320,FALSE,https://api.spotify.com/v1/tracks/52fqquVYihRW17ySEcy5mA,FALSE,Monkey Man,NA,3,track,spotify:track:52fqquVYihRW17ySEcy5mA,https://open.spotify.com/track/52fqquVYihRW17ySEcy5mA,Back To Black (Deluxe Edition),A#,major,A# major
Amy Winehouse,6Q192DXotxtaysaqNPy5yR,0E4xv5gPjykrwBgBZzI8XG,album,,2006,2006,year,0.54,0.505,5,-8.325,1,0.0348,0.491,9.46e-5,0.0893,0.27,78.186,5OlM5krdWS4ivOGVz3X8c0,https://api.spotify.com/v1/audio-analysis/5OlM5krdWS4ivOGVz3X8c0,3,,,2,196080,FALSE,https://api.spotify.com/v1/tracks/5OlM5krdWS4ivOGVz3X8c0,FALSE,Some Unholy War - Down Tempo,NA,4,track,spotify:track:5OlM5krdWS4ivOGVz3X8c0,https://open.spotify.com/track/5OlM5krdWS4ivOGVz3X8c0,Back To Black (Deluxe Edition),F,major,F major
Amy Winehouse,6Q192DXotxtaysaqNPy5yR,0E4xv5gPjykrwBgBZzI8XG,album,,2006,2006,year,0.383,0.909,10,-1.412,1,0.111,0.223,0,0.387,0.721,146.169,6huXEunO4jEFn9Q7WLoMZs,https://api.spotify.com/v1/audio-analysis/6huXEunO4jEFn9Q7WLoMZs,4,,,2,215000,FALSE,https://api.spotify.com/v1/tracks/6huXEunO4jEFn9Q7WLoMZs,FALSE,Hey Little Rich Girl,NA,5,track,spotify:track:6huXEunO4jEFn9Q7WLoMZs,https://open.spotify.com/track/6huXEunO4jEFn9Q7WLoMZs,Back To Black (Deluxe Edition),A#,major,A# major
Amy Winehouse,6Q192DXotxtaysaqNPy5yR,0E4xv5gPjykrwBgBZzI8XG,album,,2006,2006,year,0.787,0.567,0,-4.767,1,0.179,0.0693,0,0.161,0.917,133.914,7ee1XEOzZgzTQWNaiHZvKY,https://api.spotify.com/v1/audio-analysis/7ee1XEOzZgzTQWNaiHZvKY,4,,,2,153413,FALSE,https://api.spotify.com/v1/tracks/7ee1XEOzZgzTQWNaiHZvKY,FALSE,You're Wondering Now,NA,6,track,spotify:track:7ee1XEOzZgzTQWNaiHZvKY,https://open.spotify.com/track/7ee1XEOzZgzTQWNaiHZvKY,Back To Black (Deluxe Edition),C,major,C major
Amy Winehouse,6Q192DXotxtaysaqNPy5yR,0E4xv5gPjykrwBgBZzI8XG,album,,2006,2006,year,0.479,0.196,7,-8.667,0,0.0476,0.934,1.22e-4,0.0827,0.366,170.407,1Nz1PPjU3ONNEgjg8Pkppg,https://api.spotify.com/v1/audio-analysis/1Nz1PPjU3ONNEgjg8Pkppg,3,,,2,145066,FALSE,https://api.spotify.com/v1/tracks/1Nz1PPjU3ONNEgjg8Pkppg,FALSE,To Know Him Is To Love Him - Live,NA,7,track,spotify:track:1Nz1PPjU3ONNEgjg8Pkppg,https://open.spotify.com/track/1Nz1PPjU3ONNEgjg8Pkppg,Back To Black (Deluxe Edition),G,minor,G minor
Amy Winehouse,6Q192DXotxtaysaqNPy5yR,0E4xv5gPjykrwBgBZzI8XG,album,,2006,2006,year,0.592,0.0393,0,-10.944,1,0.0455,0.966,6.77e-5,0.157,0.208,113.296,113iEwaI5Se6Q287iXOIJy,https://api.spotify.com/v1/audio-analysis/113iEwaI5Se6Q287iXOIJy,4,,,2,223893,FALSE,https://api.spotify.com/v1/tracks/113iEwaI5Se6Q287iXOIJy,FALSE,Love Is A Losing Game - Original Demo,NA,8,track,spotify:track:113iEwaI5Se6Q287iXOIJy,https://open.spotify.com/track/113iEwaI5Se6Q287iXOIJy,Back To Black (Deluxe Edition),C,major,C major
Amy Winehouse,6Q192DXotxtaysaqNPy5yR,0RisvCe4jLWes0m89StnuZ,album,,2003,2003,year,0.647,0.0141,8,-20.468,1,0.0514,0.852,0.0243,0.114,0.649,91.415,0GtwAiRwzhVIBnFWQQgTU5,https://api.spotify.com/v1/audio-analysis/0GtwAiRwzhVIBnFWQQgTU5,1,,,1,22800,FALSE,https://api.spotify.com/v1/tracks/0GtwAiRwzhVIBnFWQQgTU5,FALSE,Intro,NA,1,track,spotify:track:0GtwAiRwzhVIBnFWQQgTU5,https://open.spotify.com/track/0GtwAiRwzhVIBnFWQQgTU5,Frank (US Clean e-Version),G#,major,G# major
Amy Winehouse,6Q192DXotxtaysaqNPy5yR,0RisvCe4jLWes0m89StnuZ,album,,2003,2003,year,0.884,0.51,9,-4.679,0,0.0392,0.0436,3.33e-4,0.0615,0.855,91.453,5FNDpQSkgFiRdUKGfagIRJ,https://api.spotify.com/v1/audio-analysis/5FNDpQSkgFiRdUKGfagIRJ,4,,,1,211986,FALSE,https://api.spotify.com/v1/tracks/5FNDpQSkgFiRdUKGfagIRJ,FALSE,Stronger Than Me,NA,2,track,spotify:track:5FNDpQSkgFiRdUKGfagIRJ,https://open.spotify.com/track/5FNDpQSkgFiRdUKGfagIRJ,Frank (US Clean e-Version),A,minor,A minor
Amy Winehouse,6Q192DXotxtaysaqNPy5yR,0RisvCe4jLWes0m89StnuZ,album,,2003,2003,year,0.754,0.623,0,-5.999,0,0.0507,0.539,0,0.114,0.325,99.988,7pI0ZeIVWiH35cUwzWIWM9,https://api.spotify.com/v1/audio-analysis/7pI0ZeIVWiH35cUwzWIWM9,4,,,1,318333,FALSE,https://api.spotify.com/v1/tracks/7pI0ZeIVWiH35cUwzWIWM9,FALSE,You Sent Me Flying,NA,3,track,spotify:track:7pI0ZeIVWiH35cUwzWIWM9,https://open.spotify.com/track/7pI0ZeIVWiH35cUwzWIWM9,Frank (US Clean e-Version),C,minor,C minor
Amy Winehouse,6Q192DXotxtaysaqNPy5yR,0RisvCe4jLWes0m89StnuZ,album,,2003,2003,year,0.669,0.63,9,-10.625,1,0.532,0.375,1.59e-6,0.446,0.855,172.097,2POV95aTLpGmjDWRVZabGM,https://api.spotify.com/v1/audio-analysis/2POV95aTLpGmjDWRVZabGM,4,,,1,92413,FALSE,https://api.spotify.com/v1/tracks/2POV95aTLpGmjDWRVZabGM,FALSE,Cherry,NA,4,track,spotify:track:2POV95aTLpGmjDWRVZabGM,https://open.spotify.com/track/2POV95aTLpGmjDWRVZabGM,Frank (US Clean e-Version),A,major,A major
Amy Winehouse,6Q192DXotxtaysaqNPy5yR,0RisvCe4jLWes0m89StnuZ,album,,2003,2003,year,0.846,0.669,5,-6.44,0,0.0736,0.0372,0.00266,0.0812,0.756,140.686,0UVTzpqtuQpuZCd7ZeZeTj,https://api.spotify.com/v1/audio-analysis/0UVTzpqtuQpuZCd7ZeZeTj,4,,,1,183120,FALSE,https://api.spotify.com/v1/tracks/0UVTzpqtuQpuZCd7ZeZeTj,FALSE,Know You Now,NA,5,track,spotify:track:0UVTzpqtuQpuZCd7ZeZeTj,https://open.spotify.com/track/0UVTzpqtuQpuZCd7ZeZeTj,Frank (US Clean e-Version),F,minor,F minor
Amy Winehouse,6Q192DXotxtaysaqNPy5yR,0RisvCe4jLWes0m89StnuZ,album,,2003,2003,year,0.9,0.319,7,-13.453,1,0.132,0.127,0,0.24,0.664,102.899,1YIfvogCtrfiLFOuKhBaRl,https://api.spotify.com/v1/audio-analysis/1YIfvogCtrfiLFOuKhBaRl,4,,,1,200146,FALSE,https://api.spotify.com/v1/tracks/1YIfvogCtrfiLFOuKhBaRl,FALSE,F*** Me Pumps - US Clean Version,NA,6,track,spotify:track:1YIfvogCtrfiLFOuKhBaRl,https://open.spotify.com/track/1YIfvogCtrfiLFOuKhBaRl,Frank (US Clean e-Version),G,major,G major
Amy Winehouse,6Q192DXotxtaysaqNPy5yR,0RisvCe4jLWes0m89StnuZ,album,,2003,2003,year,0.494,0.304,2,-10.33,1,0.0772,0.763,0,0.126,0.267,74.87,3Li4nWTnkUu19vxkhNW9td,https://api.spotify.com/v1/audio-analysis/3Li4nWTnkUu19vxkhNW9td,4,,,1,130066,FALSE,https://api.spotify.com/v1/tracks/3Li4nWTnkUu19vxkhNW9td,FALSE,I Heard Love Is Blind,NA,7,track,spotify:track:3Li4nWTnkUu19vxkhNW9td,https://open.spotify.com/track/3Li4nWTnkUu19vxkhNW9td,Frank (US Clean e-Version),D,major,D major
Amy Winehouse,6Q192DXotxtaysaqNPy5yR,0RisvCe4jLWes0m89StnuZ,album,,2003,2003,year,0.543,0.63,7,-6.668,1,0.213,0.0577,1.35e-6,0.138,0.487,149.37,1AkjqeVykfz4wXpaVCkv8x,https://api.spotify.com/v1/audio-analysis/1AkjqeVykfz4wXpaVCkv8x,4,,,1,169933,FALSE,https://api.spotify.com/v1/tracks/1AkjqeVykfz4wXpaVCkv8x,FALSE,Moody's Mood For Love,NA,8,track,spotify:track:1AkjqeVykfz4wXpaVCkv8x,https://open.spotify.com/track/1AkjqeVykfz4wXpaVCkv8x,Frank (US Clean e-Version),G,major,G major
Amy Winehouse,6Q192DXotxtaysaqNPy5yR,0RisvCe4jLWes0m89StnuZ,album,,2003,2003,year,0.859,0.0999,8,-16.753,1,0.166,0.285,0.914,0.11,0.308,115.937,6IqhxPxds9Wrm63slCROHO,https://api.spotify.com/v1/audio-analysis/6IqhxPxds9Wrm63slCROHO,4,,,1,39026,FALSE,https://api.spotify.com/v1/tracks/6IqhxPxds9Wrm63slCROHO,FALSE,Teo Licks,NA,9,track,spotify:track:6IqhxPxds9Wrm63slCROHO,https://open.spotify.com/track/6IqhxPxds9Wrm63slCROHO,Frank (US Clean e-Version),G#,major,G# major
Amy Winehouse,6Q192DXotxtaysaqNPy5yR,0RisvCe4jLWes0m89StnuZ,album,,2003,2003,year,0.388,0.238,1,-12.887,0,0.0492,0.93,1.06e-5,0.0966,0.244,138.156,4VbqUDBWyK15pTal9THtFu,https://api.spotify.com/v1/audio-analysis/4VbqUDBWyK15pTal9THtFu,4,,,1,128933,FALSE,https://api.spotify.com/v1/tracks/4VbqUDBWyK15pTal9THtFu,FALSE,(There Is) No Greater Love,NA,10,track,spotify:track:4VbqUDBWyK15pTal9THtFu,https://open.spotify.com/track/4VbqUDBWyK15pTal9THtFu,Frank (US Clean e-Version),C#,minor,C# minor
Amy Winehouse,6Q192DXotxtaysaqNPy5yR,0RisvCe4jLWes0m89StnuZ,album,,2003,2003,year,0.539,0.809,10,-8.851,0,0.0683,0.114,1.02e-5,0.0715,0.724,95.631,4o2d25zcVbx5BEaHcKbtOI,https://api.spotify.com/v1/audio-analysis/4o2d25zcVbx5BEaHcKbtOI,4,,,1,317000,FALSE,https://api.spotify.com/v1/tracks/4o2d25zcVbx5BEaHcKbtOI,FALSE,In My Bed,NA,11,track,spotify:track:4o2d25zcVbx5BEaHcKbtOI,https://open.spotify.com/track/4o2d25zcVbx5BEaHcKbtOI,Frank (US Clean e-Version),A#,minor,A# minor
Amy Winehouse,6Q192DXotxtaysaqNPy5yR,0RisvCe4jLWes0m89StnuZ,album,,2003,2003,year,0.633,0.5,1,-8.008,0,0.0387,0.0163,4.71e-6,0.112,0.157,115.822,0vlOooGJoEdbOGYt7ctoaF,https://api.spotify.com/v1/audio-analysis/0vlOooGJoEdbOGYt7ctoaF,4,,,1,200200,FALSE,https://api.spotify.com/v1/tracks/0vlOooGJoEdbOGYt7ctoaF,FALSE,Take The Box - Album Version (Edited),NA,12,track,spotify:track:0vlOooGJoEdbOGYt7ctoaF,https://open.spotify.com/track/0vlOooGJoEdbOGYt7ctoaF,Frank (US Clean e-Version),C#,minor,C# minor
Amy Winehouse,6Q192DXotxtaysaqNPy5yR,0RisvCe4jLWes0m89StnuZ,album,,2003,2003,year,0.672,0.842,0,-7.673,1,0.256,0.0112,0.135,0.0381,0.694,147.093,1oP9MTgQc5qHhamMCt4sky,https://api.spotify.com/v1/audio-analysis/1oP9MTgQc5qHhamMCt4sky,3,,,1,205066,FALSE,https://api.spotify.com/v1/tracks/1oP9MTgQc5qHhamMCt4sky,FALSE,October Song,NA,13,track,spotify:track:1oP9MTgQc5qHhamMCt4sky,https://open.spotify.com/track/1oP9MTgQc5qHhamMCt4sky,Frank (US Clean e-Version),C,major,C major
Amy Winehouse,6Q192DXotxtaysaqNPy5yR,0RisvCe4jLWes0m89StnuZ,album,,2003,2003,year,0.749,0.525,11,-7.041,0,0.065,0.35,8.9e-6,0.212,0.504,76.447,0q9SlVJ8Ygh01jmZNsbDa8,https://api.spotify.com/v1/audio-analysis/0q9SlVJ8Ygh01jmZNsbDa8,4,,,1,209306,FALSE,https://api.spotify.com/v1/tracks/0q9SlVJ8Ygh01jmZNsbDa8,FALSE,What Is It About Men,NA,14,track,spotify:track:0q9SlVJ8Ygh01jmZNsbDa8,https://open.spotify.com/track/0q9SlVJ8Ygh01jmZNsbDa8,Frank (US Clean e-Version),B,minor,B minor
Amy Winehouse,6Q192DXotxtaysaqNPy5yR,0RisvCe4jLWes0m89StnuZ,album,,2003,2003,year,0.719,0.54,0,-8.718,1,0.242,0.0373,6.46e-5,0.0817,0.613,80.039,603FH2sLZj6p8zgl4UPkmu,https://api.spotify.com/v1/audio-analysis/603FH2sLZj6p8zgl4UPkmu,4,,,1,254600,FALSE,https://api.spotify.com/v1/tracks/603FH2sLZj6p8zgl4UPkmu,FALSE,Amy Amy Amy,NA,15,track,spotify:track:603FH2sLZj6p8zgl4UPkmu,https://open.spotify.com/track/603FH2sLZj6p8zgl4UPkmu,Frank (US Clean e-Version),C,major,C major
Amy Winehouse,6Q192DXotxtaysaqNPy5yR,0RisvCe4jLWes0m89StnuZ,album,,2003,2003,year,0.655,0.557,7,-12.639,0,0.138,0.456,0.00271,0.0682,0.714,121.096,56FUhbh4zJYYWaZXRUoAN7,https://api.spotify.com/v1/audio-analysis/56FUhbh4zJYYWaZXRUoAN7,5,,,1,44093,FALSE,https://api.spotify.com/v1/tracks/56FUhbh4zJYYWaZXRUoAN7,FALSE,Outro,NA,16,track,spotify:track:56FUhbh4zJYYWaZXRUoAN7,https://open.spotify.com/track/56FUhbh4zJYYWaZXRUoAN7,Frank (US Clean e-Version),G,minor,G minor
Amy Winehouse,6Q192DXotxtaysaqNPy5yR,0RisvCe4jLWes0m89StnuZ,album,,2003,2003,year,0.732,0.398,6,-11.108,1,0.274,0.216,1.49e-4,0.12,0.63,83.701,0s0YP92SuqVbaGoggFGJEd,https://api.spotify.com/v1/audio-analysis/0s0YP92SuqVbaGoggFGJEd,4,,,1,253946,FALSE,https://api.spotify.com/v1/tracks/0s0YP92SuqVbaGoggFGJEd,FALSE,Brother,NA,17,track,spotify:track:0s0YP92SuqVbaGoggFGJEd,https://open.spotify.com/track/0s0YP92SuqVbaGoggFGJEd,Frank (US Clean e-Version),F#,major,F# major
Amy Winehouse,6Q192DXotxtaysaqNPy5yR,0RisvCe4jLWes0m89StnuZ,album,,2003,2003,year,0.587,0.519,5,-7.304,0,0.069,0.0141,0.0184,0.102,0.558,96.508,4bjmPbbudPDelbHzL8dxh2,https://api.spotify.com/v1/audio-analysis/4bjmPbbudPDelbHzL8dxh2,4,,,1,235933,FALSE,https://api.spotify.com/v1/tracks/4bjmPbbudPDelbHzL8dxh2,FALSE,Mr Magic (Through The Smoke),NA,18,track,spotify:track:4bjmPbbudPDelbHzL8dxh2,https://open.spotify.com/track/4bjmPbbudPDelbHzL8dxh2,Frank (US Clean e-Version),F,minor,F minor
